"Title","ID","Created Date","Updated Date","Owner","userid","perfil4_inicio.p6","y_contestar.p6","perfil2_inicio.p6","bcontestaryn_inicio.p6","perfil3_inicio.p6","perfil1_inicio.p6","volverinicio_saludable.p6","video_ps.p6","volveratras_ps.p6","n_contestar.p6","cm_contestar.p6","volverinicio_contestar.p6","videopausa_ps.p6","videoplay_ps.p6","volveratras_clickaqui.p6","volverinicio_masinfo.p4","leaesto_inicio.p6","bcontestaryn_masinfo.p4","cm_instrucciones.p6","ps_instrucciones.p6","volveratras_cm.p6","volverinicio_novoyavivir.p6","volverinicio_heahorrado.p6","volverinicio_sinsalud.p6","cm_masinfo.p4","volveratras_difmodmix.p6","ps_masinfo.p4","difmodmix_masinfo.p4","pg_masinfo.p4","gf_masinfo.p4","volveratras_ctiempo.p6","volveratras_gf.p6","ctiempo_masinfo.p4","volveratras_pg.p6","gf_novoyavivir.p6","difmodmix_heahorrado.p6","ctiempo_novoyavivir.p6","gf_sinsalud.p6","gf_heahorrado.p6","ctiempo_sinsalud.p6","gf_saludable.p6","pg_saludable.p6","gf_clickaqui.p6","cm_clickaqui.p6","psvideopausa_novoyavivir.p6","volverinicio_clickaqui.p6","cmvideoplay_saludable.p6","cmvideoplay_novoyavivir.p6","psvideoplay_novoyavivir.p6","cmvideopausa_novoyavivir.p6","videoplay_cm.p6","psvideopausa_saludable.p6","volverinicio_instrucciones.p6","videopausa_cm.p6","cmvideopausa_saludable.p6","psvideoplay_saludable.p6","cmvideoplay_heahorrado.p6","psvideopausa_heahorrado.p6","cmvideopausa_heahorrado.p6","psvideoplay_heahorrado.p6","inicio_wix.p6","bleaesto_masinfo.p4","psvideoplay_sinsalud.p6","ps_contestar.p6","psvideopausa_sinsalud.p6","volverinicio_masinfo.p6","bleaesto_masinfo.p6","bcontestaryn_masinfo.p6","difmodmix_masinfo.p6","ctiempo_masinfo.p6","bcontestaryn_saludable.p6","bcontestaryn_heahorrado.p6","bcontestaryn_novoyavivir.p6","bcontestaryn_sinsalud.p6","ps_masinfo.p6","cmvideoplay_sinsalud.p6","cmvideopausa_sinsalud.p6","cm_masinfo.p6"
,"04cda776-b3a0-414b-8ced-5f480eb23313",2023-06-01T15:41:22Z,2023-06-01T16:03:55Z,"e5f43ad4-a50a-4f93-83b8-02c95ab67c99","7620-1-6-20-1-SCESS-LAB-01A","2023-06-01 11:54:02","2023-06-01 11:47:38","2023-06-01 11:49:08",,"2023-06-01 11:51:46","2023-06-01 11:44:46 ; 2023-06-01 12:05:26",,,,"2023-06-01 11:47:13",,,"2023-06-01 12:00:30 ; 2023-06-01 12:01:29","2023-06-01 12:00:28 ; 2023-06-01 12:00:31 ; 2023-06-01 12:01:30",,,,,,,"2023-06-01 12:00:24",,,,,,,,,,,,,,,,,,,,,,,,,,,,,,"2023-06-01 11:57:52 ; 2023-06-01 11:59:19 ; 2023-06-01 11:59:22 ; 2023-06-01 11:59:28 ; 2023-06-01 11:59:35 ; 2023-06-01 11:59:38 ; 2023-06-01 11:59:43 ; 2023-06-01 12:00:21",,,"2023-06-01 11:59:14 ; 2023-06-01 12:00:23",,,,,,,"2023-06-01 11:42:53 ; 2023-06-01 11:44:08 ; 2023-06-01 11:44:34 ; 2023-06-01 11:44:44 ; 2023-06-01 11:49:05 ; 2023-06-01 11:51:42 ; 2023-06-01 11:53:58",,,,,,,,,,"2023-06-01 11:47:00",,,,"2023-06-01 12:00:26",,,"2023-06-01 11:57:35"
,"0f81dc63-1cab-4e96-846d-f719b9c3deb1",2022-12-01T19:30:38Z,2022-12-01T19:45:33Z,"ac13c851-f4a2-4fcc-a605-e3e2ef45d811","1354-2-6-22-3-SCESS-LAB-014N",,"2022-12-01 16:45:32","2022-12-01 16:31:28 ; 2022-12-01 16:44:55 ; 2022-12-01 16:45:27",,,,,,,,,,,,,,"2022-12-01 16:31:12",,,,,,,"2022-12-01 16:44:50",,,,,,,,,,,,,,,,,,,,,,"2022-12-01 16:31:23",,,,,,,,,,,,,,,"2022-12-01 16:30:37 ; 2022-12-01 16:31:03 ; 2022-12-01 16:31:24 ; 2022-12-01 16:44:51 ; 2022-12-01 16:45:16",,"2022-12-01 16:40:17 ; 2022-12-01 16:43:39 ; 2022-12-01 16:43:40 ; 2022-12-01 16:43:42 ; 2022-12-01 16:43:52 ; 2022-12-01 16:43:54 ; 2022-12-01 16:43:57 ; 2022-12-01 16:44:47",,,"2022-12-01 16:45:25",,,,,,,,"2022-12-01 16:45:01 ; 2022-12-01 16:45:30",,"2022-12-01 16:31:56 ; 2022-12-01 16:35:35 ; 2022-12-01 16:35:41","2022-12-01 16:34:33 ; 2022-12-01 16:39:50",
,"16fea75f-8905-49cc-a2f1-448ad628f405",2023-05-25T17:14:04Z,2023-05-25T17:29:47Z,"6f886fd2-34b7-4817-b8fc-d34e1d91d078","7302-1-6-20-3-SCESS-LAB-04D",,"2023-05-25 13:31:33",,,,"2023-05-25 13:16:11",,,,,,,,,,,,,,,,,,,,,,,,,,,,,,,,,,,,,,,,,"2023-05-25 13:16:43",,,,,"2023-05-25 13:29:49",,,"2023-05-25 13:21:10","2023-05-25 13:24:49",,,,,"2023-05-25 13:15:49",,,,,,,,,,"2023-05-25 13:31:20",,,,,,,
,"212f2373-f834-4817-84f3-2c6dcfb48dbc",2022-11-16T19:53:22Z,2022-11-16T20:10:40Z,"21ed0b4d-7256-4dbe-8404-83672e4f4303","8679-2-6-25-3-SCESS-LAB-07G",,"2022-11-16 17:11:46","2022-11-16 16:55:53",,,,,,"2022-11-16 17:11:44",,,,"2022-11-16 17:11:43","2022-11-16 17:06:44",,,"2022-11-16 16:54:37",,,,,,,,,,,,,,,,,,,,,,,,,,,,,"2022-11-16 16:55:35",,,,,,,,,,,,,,,"2022-11-16 16:54:28 ; 2022-11-16 16:55:36",,,"2022-11-16 17:06:40",,,,,,,,,,"2022-11-16 17:06:04",,"2022-11-16 16:56:42","2022-11-16 17:03:24",
,"2b70ea5f-76cd-419b-a913-506be6347d5e",2022-11-16T18:44:52Z,2022-11-16T19:01:53Z,"e5f43ad4-a50a-4f93-83b8-02c95ab67c99","8775-1-6-21-1-SCESS-LAB-01A",,"2022-11-16 17:33:10",,"2022-11-16 17:33:07",,,,,,,,,,,,,"2022-11-16 17:16:13",,,,,,,,,,,,,,,,,,,,,,,,,,,,,"2022-11-16 17:27:16",,,,,,,,,,,,,,,"2022-11-16 17:16:09 ; 2022-11-16 17:27:16 ; 2022-11-16 17:33:04",,,,,,,,,,,,,,,,,
,"2d06971f-3499-4b26-9cf2-77396b3838de",2022-11-15T17:55:05Z,2022-11-15T17:55:53Z,"1464adc4-1d1d-4250-a1a5-703a3138fb4a","1463-1-6-21-4-SCESS-LAB-06F",,,,,,,,,,,,,,,,,,,,,,,,,,,,,,,,,,,,,,,,,,,,,,,,,,,,,,,,,,,,,"2022-11-15 14:56:33 ; 2022-11-15 14:57:22",,,,,,,,,,,,,,,,,
,"40216204-6f44-45a2-8990-cb3759d7dc43",2023-05-31T15:49:11Z,2023-05-31T16:12:57Z,"21ed0b4d-7256-4dbe-8404-83672e4f4303","5969-2-6-20-4-SCESS-LAB-07G",,"2023-05-31 12:13:04",,,,"2023-05-31 12:12:44",,,"2023-05-31 12:12:23",,,,"2023-05-31 12:07:28 ; 2023-05-31 12:10:39","2023-05-31 12:05:39 ; 2023-05-31 12:07:29 ; 2023-05-31 12:10:41",,,,,"2023-05-31 11:49:53","2023-05-31 12:05:35","2023-05-31 12:05:30",,,,,,,,,,,,,,,,,,,,,,,,,,"2023-05-31 12:12:48",,,,"2023-05-31 11:56:39 ; 2023-05-31 11:56:43 ; 2023-05-31 11:57:45 ; 2023-05-31 11:58:06 ; 2023-05-31 12:00:19 ; 2023-05-31 12:00:22 ; 2023-05-31 12:00:44 ; 2023-05-31 12:01:39",,"2023-05-31 12:12:25","2023-05-31 11:56:32 ; 2023-05-31 11:59:01",,,,,,,"2023-05-31 11:49:18 ; 2023-05-31 12:12:26",,,,,,,,,,"2023-05-31 12:12:59",,,,,,,
,"472af4e9-157c-4a81-b4ac-5eaabd55805b",2022-11-24T19:55:28Z,2022-11-24T20:18:32Z,"f506920b-b912-44ab-b44b-64c484cc18f2","2944-1-6-24-4-SCESS-LAB-11K",,"2022-11-24 17:14:12","2022-11-24 16:58:27 ; 2022-11-24 17:16:07 ; 2022-11-24 17:16:11","2022-11-24 17:12:15",,,,,"2022-11-24 17:14:10",,"2022-11-24 17:13:06",,"2022-11-24 17:14:00","2022-11-24 17:13:57 ; 2022-11-24 17:14:02 ; 2022-11-24 17:14:03 ; 2022-11-24 17:14:04 ; 2022-11-24 17:14:06 ; 2022-11-24 17:14:07 ; 2022-11-24 17:14:08 ; 2022-11-24 17:14:09",,,"2022-11-24 16:57:31",,,,"2022-11-24 17:13:52",,,"2022-11-24 17:12:07",,,,,,,,,,,,,,,,,,,,,,,,,,,"2022-11-24 17:13:21 ; 2022-11-24 17:13:27 ; 2022-11-24 17:13:32 ; 2022-11-24 17:13:34 ; 2022-11-24 17:13:40 ; 2022-11-24 17:13:43 ; 2022-11-24 17:13:46 ; 2022-11-24 17:13:48",,,,,,,,,,"2022-11-24 16:56:53 ; 2022-11-24 16:57:23 ; 2022-11-24 16:58:13 ; 2022-11-24 17:12:08 ; 2022-11-24 17:16:03",,"2022-11-24 17:07:22 ; 2022-11-24 17:10:26 ; 2022-11-24 17:11:43 ; 2022-11-24 17:12:04 ; 2022-11-24 17:16:41 ; 2022-11-24 17:16:43 ; 2022-11-24 17:16:44 ; 2022-11-24 17:17:07 ; 2022-11-24 17:17:48 ; 2022-11-24 17:17:50 ; 2022-11-24 17:17:51 ; 2022-11-24 17:17:53 ; 2022-11-24 17:17:55 ; 2022-11-24 17:17:56 ; 2022-11-24 17:18:00 ; 2022-11-24 17:18:04 ; 2022-11-24 17:18:07 ; 2022-11-24 17:18:12","2022-11-24 17:13:54","2022-11-24 17:16:54 ; 2022-11-24 17:18:14",,,,,,,,,,,"2022-11-24 16:58:54 ; 2022-11-24 17:16:14 ; 2022-11-24 17:16:17 ; 2022-11-24 17:16:19 ; 2022-11-24 17:16:20 ; 2022-11-24 17:16:21 ; 2022-11-24 17:16:24 ; 2022-11-24 17:16:26 ; 2022-11-24 17:19:15 ; 2022-11-24 17:19:16 ; 2022-11-24 17:19:17 ; 2022-11-24 17:19:18 ; 2022-11-24 17:19:20 ; 2022-11-24 17:19:34","2022-11-24 17:05:36 ; 2022-11-24 17:16:40 ; 2022-11-24 17:19:57",
,"5c8a8a89-d63e-4636-901b-9c90de139839",2022-11-17T18:45:53Z,2022-11-17T19:16:04Z,"caea4a6b-f2eb-4aea-a07f-05842053f3f1","3604-2-6-22-3-SCESS-LAB-18R","2022-11-17 16:09:23 ; 2022-11-17 16:09:45","2022-11-17 16:14:41","2022-11-17 15:58:13 ; 2022-11-17 16:09:38","2022-11-17 16:14:37","2022-11-17 16:02:55","2022-11-17 15:57:12 ; 2022-11-17 16:09:42",,,,,,,"2022-11-17 16:16:53 ; 2022-11-17 16:16:54 ; 2022-11-17 16:17:02 ; 2022-11-17 16:17:27 ; 2022-11-17 16:17:49","2022-11-17 16:16:52 ; 2022-11-17 16:16:55 ; 2022-11-17 16:17:06 ; 2022-11-17 16:17:46",,,"2022-11-17 15:55:44 ; 2022-11-17 15:56:20",,"2022-11-17 15:48:11","2022-11-17 16:17:05","2022-11-17 15:55:22",,,,,"2022-11-17 16:09:16",,,,,"2022-11-17 16:02:50",,,,,"2022-11-17 16:04:55",,,,"2022-11-17 16:00:39",,,,,,,"2022-11-17 15:57:15",,,,"2022-11-17 15:51:48","2022-11-17 15:58:01",,,"2022-11-17 15:57:22","2022-11-17 15:57:57",,,,,"2022-11-17 15:47:38 ; 2022-11-17 15:55:33 ; 2022-11-17 15:56:15 ; 2022-11-17 15:57:09 ; 2022-11-17 15:58:04 ; 2022-11-17 16:02:54 ; 2022-11-17 16:09:22 ; 2022-11-17 16:09:37 ; 2022-11-17 16:14:35",,,"2022-11-17 16:11:27 ; 2022-11-17 16:16:50",,,,,,,,,"2022-11-17 16:11:11",,,"2022-11-17 15:58:29","2022-11-17 15:58:32",
,"5e1c7a90-e269-486e-97b8-d662cf0f34df",2022-11-24T17:07:23Z,2022-11-24T17:18:35Z,"8117ae48-af77-49f5-b716-9c7b6c359c04","4763-2-6-22-3-SCESS-LAB-02B",,"2022-11-24 14:21:04",,,,"2022-11-24 14:10:55",,,,,,,,,,,"2022-11-24 14:10:05",,,,,,,,,,,,,,,,,,,,,,,,,,,,,,"2022-11-24 14:11:40",,,,,,,,"2022-11-24 14:18:21",,,,,,"2022-11-24 14:09:51 ; 2022-11-24 14:10:39",,,,,,,,,,"2022-11-24 14:20:47",,,,,,,
,"5e5fa8d9-e49c-4898-bfab-1160df24e8f2",2022-11-29T16:03:16Z,2022-11-29T16:17:41Z,"7cd5d851-ac96-48da-8d15-02e8acceff1b","5713-2-6-20-2-SCESS-LAB-03C",,"2022-11-29 13:18:46",,,,"2022-11-29 13:05:09",,,,,,,,,,,"2022-11-29 13:04:23",,,,,,,,,,,,,,,,,,,,,,,,,,,,,"2022-11-29 13:04:55","2022-11-29 13:05:28",,,,,"2022-11-29 13:18:21",,,"2022-11-29 13:12:10","2022-11-29 13:13:27",,,,,"2022-11-29 13:04:20 ; 2022-11-29 13:04:56",,,,,,,,,,"2022-11-29 13:18:22",,,,,,,
,"6227ce8c-76d6-4b69-90ea-e9507ade5738",2022-11-30T19:32:51Z,2022-11-30T19:52:33Z,"21ed0b4d-7256-4dbe-8404-83672e4f4303","9636-2-6-22-1-SCESS-LAB-07G","2022-11-30 16:51:28 ; 2022-11-30 16:51:43","2022-11-30 16:52:32","2022-11-30 16:50:47","2022-11-30 16:52:03",,"2022-11-30 16:33:48",,,,,,,,,,,,,,,,,,,,,,,,,,,,,,,,,,,,,,,,,"2022-11-30 16:34:26 ; 2022-11-30 16:34:40 ; 2022-11-30 16:37:00 ; 2022-11-30 16:37:38","2022-11-30 16:51:30 ; 2022-11-30 16:51:31 ; 2022-11-30 16:51:32",,"2022-11-30 16:51:39",,"2022-11-30 16:50:30",,,"2022-11-30 16:37:37 ; 2022-11-30 16:42:25","2022-11-30 16:45:31",,,,,"2022-11-30 16:32:50 ; 2022-11-30 16:33:23 ; 2022-11-30 16:50:36 ; 2022-11-30 16:51:24 ; 2022-11-30 16:51:41 ; 2022-11-30 16:52:01",,"2022-11-30 16:51:17 ; 2022-11-30 16:51:18",,"2022-11-30 16:51:21",,,,,,,,,,,"2022-11-30 16:50:50 ; 2022-11-30 16:51:01 ; 2022-11-30 16:51:03 ; 2022-11-30 16:51:12 ; 2022-11-30 16:51:14","2022-11-30 16:51:02 ; 2022-11-30 16:51:14",
,"6b02fd26-ed0d-4a76-a48e-bb49ae7c24de",2022-11-16T18:43:22Z,2022-11-16T18:55:11Z,"8117ae48-af77-49f5-b716-9c7b6c359c04","1824-2-6-19-3-SCESS-LAB-02B",,"2022-11-16 15:57:20","2022-11-16 15:55:03 ; 2022-11-16 15:56:47",,,,,,,,,,,,,,"2022-11-16 15:46:14 ; 2022-11-16 15:47:13 ; 2022-11-16 15:53:36",,,,,,,,,,,,,,,,,,,,,,,,,,"2022-11-16 15:53:43","2022-11-16 15:47:19",,,,,,,"2022-11-16 15:47:23 ; 2022-11-16 15:47:43 ; 2022-11-16 15:47:44 ; 2022-11-16 15:47:52 ; 2022-11-16 15:47:53 ; 2022-11-16 15:48:10 ; 2022-11-16 15:49:24 ; 2022-11-16 15:49:26 ; 2022-11-16 15:49:56",,,"2022-11-16 15:49:52 ; 2022-11-16 15:53:33",,,,,,,"2022-11-16 15:45:31 ; 2022-11-16 15:46:07 ; 2022-11-16 15:46:51 ; 2022-11-16 15:53:35 ; 2022-11-16 15:54:43 ; 2022-11-16 15:56:41",,,,,,,,,,,,,"2022-11-16 15:56:49",,"2022-11-16 15:55:06","2022-11-16 15:55:11",
,"6b47529d-a8ec-451c-b4b8-ea80b724b61e",2022-11-24T17:20:38Z,2022-11-24T18:00:13Z,"1464adc4-1d1d-4250-a1a5-703a3138fb4a","4573-1-6-21-4-SCESS-LAB-06F",,"2022-11-24 14:50:18","2022-11-24 14:44:06 ; 2022-11-24 14:46:58 ; 2022-11-24 14:47:55 ; 2022-11-24 14:52:00 ; 2022-11-24 14:56:11",,"2022-11-24 14:45:43 ; 2022-11-24 14:47:38","2022-11-24 14:23:47 ; 2022-11-24 14:45:04 ; 2022-11-24 14:47:46 ; 2022-11-24 14:53:52",,,,,,,,,,,,,,,,,,,,,,,,,,,,,,,,,,,,,,,,,"2022-11-24 14:25:03 ; 2022-11-24 14:34:11 ; 2022-11-24 14:53:54",,,,,"2022-11-24 14:38:14 ; 2022-11-24 14:41:08 ; 2022-11-24 14:41:09 ; 2022-11-24 14:43:48",,,"2022-11-24 14:31:37 ; 2022-11-24 14:34:14","2022-11-24 14:37:53 ; 2022-11-24 14:38:46 ; 2022-11-24 14:41:05 ; 2022-11-24 14:41:07 ; 2022-11-24 14:42:41 ; 2022-11-24 14:42:42 ; 2022-11-24 14:42:44","2022-11-24 14:45:45 ; 2022-11-24 14:45:48 ; 2022-11-24 14:45:54 ; 2022-11-24 14:45:56 ; 2022-11-24 14:45:58 ; 2022-11-24 14:46:00 ; 2022-11-24 14:46:11 ; 2022-11-24 14:46:13 ; 2022-11-24 14:46:14 ; 2022-11-24 14:46:19 ; 2022-11-24 14:46:23 ; 2022-11-24 14:46:24 ; 2022-11-24 14:46:29 ; 2022-11-24 14:46:30 ; 2022-11-24 14:46:34 ; 2022-11-24 14:46:36 ; 2022-11-24 14:46:37",,,,"2022-11-24 14:22:23 ; 2022-11-24 14:23:02 ; 2022-11-24 14:44:00 ; 2022-11-24 14:45:02 ; 2022-11-24 14:45:41 ; 2022-11-24 14:46:57 ; 2022-11-24 14:47:37 ; 2022-11-24 14:47:54 ; 2022-11-24 14:51:59 ; 2022-11-24 14:53:51 ; 2022-11-24 14:56:05",,"2022-11-24 14:48:20 ; 2022-11-24 14:56:30 ; 2022-11-24 14:56:38 ; 2022-11-24 14:56:39 ; 2022-11-24 14:57:03 ; 2022-11-24 14:57:05 ; 2022-11-24 14:57:06 ; 2022-11-24 14:57:08 ; 2022-11-24 14:57:09 ; 2022-11-24 14:57:10 ; 2022-11-24 14:57:11 ; 2022-11-24 14:57:12 ; 2022-11-24 14:57:14 ; 2022-11-24 14:57:15 ; 2022-11-24 14:57:18 ; 2022-11-24 14:57:19 ; 2022-11-24 14:57:23 ; 2022-11-24 14:57:25 ; 2022-11-24 14:57:25 ; 2022-11-24 14:57:26 ; 2022-11-24 14:57:27 ; 2022-11-24 14:57:29 ; 2022-11-24 14:57:30 ; 2022-11-24 14:57:31 ; 2022-11-24 14:57:34 ; 2022-11-24 14:57:36 ; 2022-11-24 14:57:37 ; 2022-11-24 14:57:41 ; 2022-11-24 14:57:45 ; 2022-11-24 14:57:46 ; 2022-11-24 14:57:47 ; 2022-11-24 14:57:48 ; 2022-11-24 14:57:49",,"2022-11-24 14:59:12",,,,,"2022-11-24 14:53:08","2022-11-24 14:45:10",,,"2022-11-24 14:50:11",,"2022-11-24 14:44:08 ; 2022-11-24 14:44:21 ; 2022-11-24 14:44:38 ; 2022-11-24 14:44:40 ; 2022-11-24 14:44:40 ; 2022-11-24 14:44:55 ; 2022-11-24 14:44:56 ; 2022-11-24 14:44:57 ; 2022-11-24 14:44:58 ; 2022-11-24 14:44:59 ; 2022-11-24 14:56:15 ; 2022-11-24 14:56:16 ; 2022-11-24 14:56:18 ; 2022-11-24 14:56:19 ; 2022-11-24 14:56:22 ; 2022-11-24 14:56:25 ; 2022-11-24 14:59:54 ; 2022-11-24 14:59:54 ; 2022-11-24 15:00:03 ; 2022-11-24 15:00:17 ; 2022-11-24 15:00:18 ; 2022-11-24 15:00:21 ; 2022-11-24 15:00:22 ; 2022-11-24 15:00:25","2022-11-24 14:44:19 ; 2022-11-24 14:56:16 ; 2022-11-24 14:56:21 ; 2022-11-24 14:56:23 ; 2022-11-24 14:56:27 ; 2022-11-24 14:56:33 ; 2022-11-24 14:59:52 ; 2022-11-24 15:01:57",
,"76e45317-2aa6-4770-aa4e-634d08343921",2022-11-14T18:51:06Z,2022-11-14T18:54:15Z,"e5f43ad4-a50a-4f93-83b8-02c95ab67c99","8761-2-6-21-4-SCESS-LAB-01A",,"2022-11-14 17:25:30",,,,"2022-11-14 17:23:36",,,,,,,,,,,"2022-11-14 17:22:48",,,,,,,,,,,,,,,,,,,,,,,,,,,,,,,,,,,,"2022-11-14 17:22:39",,,,,,,,"2022-11-14 17:22:20 ; 2022-11-14 17:22:40 ; 2022-11-14 17:23:16",,,,,,,,,,"2022-11-14 17:25:02",,,,,,,
,"8083b987-cfbe-490f-ac73-6cd11a45cc54",2022-11-16T18:47:15Z,2022-11-16T19:08:14Z,"76236b00-705a-49df-91b4-d4c5f841f3dd","3189-1-6-19-2-SCESS-LAB-13M",,"2022-11-16 16:08:13",,,"2022-11-16 16:05:32",,,,,,,,,,,,"2022-11-16 15:48:00",,,,,,,,,,,,,,,,,,,,,,,,,,,,,"2022-11-16 15:48:42",,,,,,,,,,,"2022-11-16 16:05:51",,"2022-11-16 16:05:52",,"2022-11-16 15:47:14 ; 2022-11-16 15:47:57 ; 2022-11-16 15:48:42",,,,,,,,,,,"2022-11-16 16:07:51",,,,,,
,"8a8681db-be60-42ec-bb9a-4c6049598edf",2022-11-24T17:24:00Z,2022-11-24T17:47:54Z,"f506920b-b912-44ab-b44b-64c484cc18f2","3518-1-6-21-4-SCESS-LAB-11K",,"2022-11-24 14:49:19",,,,"2022-11-24 14:26:28",,,,,,,,,,,,,,,,,,,,,,,,,,,,,,,,,,,,,,,,,"2022-11-24 14:27:19 ; 2022-11-24 14:48:24 ; 2022-11-24 14:48:29",,,,,"2022-11-24 14:41:22 ; 2022-11-24 14:42:06 ; 2022-11-24 14:43:32 ; 2022-11-24 14:46:43 ; 2022-11-24 14:47:37 ; 2022-11-24 14:47:38 ; 2022-11-24 14:48:10",,,"2022-11-24 14:33:53 ; 2022-11-24 14:48:12 ; 2022-11-24 14:48:26 ; 2022-11-24 14:48:30","2022-11-24 14:41:02 ; 2022-11-24 14:42:03 ; 2022-11-24 14:42:07 ; 2022-11-24 14:43:30 ; 2022-11-24 14:43:31 ; 2022-11-24 14:43:37 ; 2022-11-24 14:44:15 ; 2022-11-24 14:44:16 ; 2022-11-24 14:44:19 ; 2022-11-24 14:44:21 ; 2022-11-24 14:44:22 ; 2022-11-24 14:45:24 ; 2022-11-24 14:45:25 ; 2022-11-24 14:46:48 ; 2022-11-24 14:47:36 ; 2022-11-24 14:47:55",,,,,"2022-11-24 14:25:25 ; 2022-11-24 14:26:16",,,,,,,,,,"2022-11-24 14:48:33",,,,,,,
,"a55843b4-947c-405a-a78b-edeb1daf04cd",2022-11-08T17:31:06Z,2022-11-08T17:31:11Z,"f506920b-b912-44ab-b44b-64c484cc18f2","6297-2-6-70-0-SCESS-LAB-11K",,,,"2022-11-08 14:32:15",,,,,,"2022-11-08 14:32:20",,,,,,,,,,,,,,,,,,,,,,,,,,,,,,,,,,,,,,,,,,,,,,,,,,,,,,,,,,,,,,,,,,,,
,"a9273069-1dae-4c13-ac2c-c58e923990b0",2022-12-22T15:21:25Z,2022-12-22T15:38:48Z,"7cd5d851-ac96-48da-8d15-02e8acceff1b","8009-2-6-22-2-SCESS-LAB-03C",,"2022-12-22 12:40:09",,,,"2022-12-22 12:24:48",,,,,,,,,,,"2022-12-22 12:23:48",,,,,,,,,,,,,,,"2022-12-22 12:39:55",,,,,,,,,"2022-12-22 12:38:27",,,,,,"2022-12-22 12:25:39",,,,,"2022-12-22 12:38:11 ; 2022-12-22 12:38:22",,,"2022-12-22 12:32:12","2022-12-22 12:33:44 ; 2022-12-22 12:38:12 ; 2022-12-22 12:38:14 ; 2022-12-22 12:38:15",,,,,"2022-12-22 12:22:45 ; 2022-12-22 12:23:46 ; 2022-12-22 12:24:38",,,,,,,,,,"2022-12-22 12:39:58",,,,,,,
,"b0d9bc39-26e5-4c5f-8189-0abd12047fbb",2022-11-17T20:00:41Z,2022-11-17T20:24:54Z,"1464adc4-1d1d-4250-a1a5-703a3138fb4a","9408-2-6-20-3-SCESS-LAB-06F",,"2022-11-17 17:18:50",,,,"2022-11-17 17:03:59 ; 2022-11-17 17:21:05",,,,,,"2022-11-17 17:20:43",,,,,"2022-11-17 17:02:56",,,,,,,,,,,,,,,,,,,,,,,,,,,,,"2022-11-17 17:03:41","2022-11-17 17:04:31 ; 2022-11-17 17:06:52 ; 2022-11-17 17:06:54 ; 2022-11-17 17:06:55 ; 2022-11-17 17:06:58 ; 2022-11-17 17:06:59 ; 2022-11-17 17:07:16 ; 2022-11-17 17:07:33 ; 2022-11-17 17:09:01 ; 2022-11-17 17:09:03",,,,,"2022-11-17 17:16:28 ; 2022-11-17 17:22:54 ; 2022-11-17 17:24:51 ; 2022-11-17 17:26:22",,,"2022-11-17 17:07:10 ; 2022-11-17 17:07:12 ; 2022-11-17 17:07:13 ; 2022-11-17 17:07:32 ; 2022-11-17 17:12:32","2022-11-17 17:15:13 ; 2022-11-17 17:21:08 ; 2022-11-17 17:23:08 ; 2022-11-17 17:23:29 ; 2022-11-17 17:23:46 ; 2022-11-17 17:23:48 ; 2022-11-17 17:23:49 ; 2022-11-17 17:25:15",,,,,"2022-11-17 17:02:09 ; 2022-11-17 17:02:52 ; 2022-11-17 17:03:42 ; 2022-11-17 17:20:44",,,,,,,,,,"2022-11-17 17:18:45",,,,,,,
,"be8c7396-a1ac-41b5-b807-598f0a8e3835",2022-11-08T17:31:05Z,2022-11-08T17:31:05Z,"f506920b-b912-44ab-b44b-64c484cc18f2","6297-2-6-70-0-SCESS-LAB-11K",,,,,,,,,,,,,,,,,,,,,,,,,,,,,,,,,,,,,,,,,,,,,,,,,,,,,,,,,,,,,"2022-11-08 14:32:15",,,,,,,,,,,,,,,,,
,"bf8301b7-1696-4f20-8d5c-f1faa9fa8b0a",2023-07-06T15:45:39Z,2023-07-06T15:55:43Z,"6f886fd2-34b7-4817-b8fc-d34e1d91d078","3020-2-6-20-3-SCESS-LAB-04D",,"2023-07-06 11:59:05","2023-07-06 11:58:22","2023-07-06 11:58:54",,"2023-07-06 11:49:38",,,,,,,,,,,,,,,,,,,,,,,,,,,,,,,,,,,,,,,,,"2023-07-06 11:50:18",,,,,"2023-07-06 11:56:58 ; 2023-07-06 11:57:03 ; 2023-07-06 11:58:04 ; 2023-07-06 11:58:06",,,"2023-07-06 11:56:51","2023-07-06 11:56:54 ; 2023-07-06 11:56:56 ; 2023-07-06 11:57:02 ; 2023-07-06 11:57:03 ; 2023-07-06 11:57:06 ; 2023-07-06 11:57:07",,,,,"2023-07-06 11:49:01 ; 2023-07-06 11:49:31 ; 2023-07-06 11:58:12 ; 2023-07-06 11:58:53",,,,,,,,,,,,,,,"2023-07-06 11:58:25",,
,"d091afe2-8250-417b-befe-a2511b7edfb4",2022-11-08T16:46:23Z,2022-11-08T16:47:01Z,"1464adc4-1d1d-4250-a1a5-703a3138fb4a","9109-1-6-22-1-SCESS-LAB-06F",,"2022-11-08 13:48:33",,,"2022-11-08 13:48:18",,,,,,,,,,,,,,,,,,,,,,,,,,,,,,,,,,,,,,,,,,,,,,,,,,,,,,,,"2022-11-08 13:47:55",,,,,,,,,,,"2022-11-08 13:48:29",,,,,,
,"e6558dd7-9b2b-43d7-871b-491c7f70bed3",2022-11-24T18:40:24Z,2022-11-24T18:53:45Z,"8117ae48-af77-49f5-b716-9c7b6c359c04","7222-2-6-21-1-SCESS-LAB-02B",,"2022-11-24 15:56:14",,"2022-11-24 15:55:54",,,,,"2022-11-24 15:55:39",,,,"2022-11-24 15:50:47","2022-11-24 15:50:44 ; 2022-11-24 15:50:48",,,"2022-11-24 15:42:58",,"2022-11-24 15:43:41","2022-11-24 15:50:40","2022-11-24 15:50:37",,,,,,,,,,,,,,,,,,,,,,,,,,,,,,,,,,,,,,,,"2022-11-24 15:42:52 ; 2022-11-24 15:55:45",,,,,,,,,,,,,,,,,
,"e72f7927-1426-4d8c-a659-dcd08589c161",2022-12-22T15:24:40Z,2022-12-22T15:26:22Z,"1464adc4-1d1d-4250-a1a5-703a3138fb4a","6915-2-6-22-1-SCESS-LAB-06F",,"2022-12-22 12:28:31",,"2022-12-22 12:28:25",,,,,,,,,,,,,"2022-12-22 12:27:25",,,,,,,,,,,,,,,,,,,,,,,,,,,,,"2022-12-22 12:28:11",,,,,,,,,,,,,,,"2022-12-22 12:26:49 ; 2022-12-22 12:27:19 ; 2022-12-22 12:28:12",,,,,,,,,,,,,,,,,
,"e866843d-a6fc-46c0-802f-8357afa8adaf",2022-12-01T19:56:03Z,2022-12-01T20:11:30Z,"21ed0b4d-7256-4dbe-8404-83672e4f4303","2414-1-6-20-1-SCESS-LAB-07G",,"2022-12-01 17:04:01",,"2022-12-01 17:03:44",,"2022-12-01 16:56:28 ; 2022-12-01 16:56:32",,,,,,,,,,,,,,,,,,,,,,,,,,,,,,,,,,,,,,,,,"2022-12-01 16:57:07",,,,,,,,,,,,,,"2022-12-01 16:56:02 ; 2022-12-01 16:56:21 ; 2022-12-01 17:03:42 ; 2022-12-01 17:11:29",,,,,,,,,,,,,,,,,
,"fbf13251-c95e-4ea5-8c7a-25b21571fd15",2022-11-29T16:30:55Z,2022-11-29T16:39:12Z,"166b7aa4-1157-4917-8f0b-5300f0045d5b","7823-2-6-23-4-",,"2022-11-29 15:06:39",,"2022-11-29 15:02:13",,"2022-11-29 14:59:23","2022-11-29 15:01:44",,"2022-11-29 15:06:37",,"2022-11-29 15:02:36",,"2022-11-29 15:06:28","2022-11-29 15:06:21 ; 2022-11-29 15:06:28",,,"2022-11-29 14:58:46 ; 2022-11-29 15:01:55",,,,"2022-11-29 15:06:15",,,,,,,,,,,,,,,,,,,,,,,,,"2022-11-29 14:59:20 ; 2022-11-29 15:02:07","2022-11-29 14:59:34",,,,"2022-11-29 15:05:46 ; 2022-11-29 15:05:47 ; 2022-11-29 15:05:51 ; 2022-11-29 15:05:54 ; 2022-11-29 15:06:06 ; 2022-11-29 15:06:09 ; 2022-11-29 15:06:12","2022-11-29 15:00:10 ; 2022-11-29 15:00:15",,"2022-11-29 15:06:10 ; 2022-11-29 15:06:14",,"2022-11-29 15:00:06 ; 2022-11-29 15:00:11 ; 2022-11-29 15:00:13 ; 2022-11-29 15:00:16 ; 2022-11-29 15:00:18 ; 2022-11-29 15:00:19",,,,,"2022-11-29 14:58:22 ; 2022-11-29 14:59:21 ; 2022-11-29 15:01:45 ; 2022-11-29 15:02:07",,,"2022-11-29 15:06:17",,,,,,,,,,,,,,
,"fe158103-0f73-42d4-99eb-da5f5fda2c32",2022-11-28T19:10:55Z,2022-11-28T19:27:38Z,"1464adc4-1d1d-4250-a1a5-703a3138fb4a","1732-1-6-20-4-SCESS-LAB-06F",,"2022-11-28 16:29:19","2022-11-28 16:28:42","2022-11-28 16:29:08",,"2022-11-28 16:27:06 ; 2022-11-28 16:29:03",,,"2022-11-28 16:26:47",,,,,"2022-11-28 16:21:49 ; 2022-11-28 16:21:55",,,"2022-11-28 16:13:26",,"2022-11-28 16:14:53","2022-11-28 16:21:46","2022-11-28 16:21:39",,,"2022-11-28 16:28:53",,,,,,,,,,,,,,,,,,,,,,,"2022-11-28 16:27:09 ; 2022-11-28 16:27:13 ; 2022-11-28 16:27:14 ; 2022-11-28 16:27:17",,,,,,,"2022-11-28 16:21:38","2022-11-28 16:27:15 ; 2022-11-28 16:27:47",,,,,,"2022-11-28 16:12:36 ; 2022-11-28 16:13:16 ; 2022-11-28 16:14:16 ; 2022-11-28 16:14:51 ; 2022-11-28 16:26:52 ; 2022-11-28 16:28:41 ; 2022-11-28 16:28:54 ; 2022-11-28 16:29:07",,,,,,,,,,,,,,,"2022-11-28 16:28:45","2022-11-28 16:28:46",
,"ffd705d6-8927-4f66-94c6-51ee9dab6f4a",2022-11-11T15:11:23Z,2022-11-11T15:27:15Z,"21ed0b4d-7256-4dbe-8404-83672e4f4303","2623-2-6-25-4-SCESS-LAB-07G",,"2022-11-11 12:28:15",,"2022-11-11 12:27:52",,,,,,,,,"2022-11-11 12:22:23 ; 2022-11-11 12:27:46","2022-11-11 12:22:20 ; 2022-11-11 12:22:24 ; 2022-11-11 12:22:47",,,"2022-11-11 12:13:14",,,,"2022-11-11 12:22:14",,,,,,,,,,,,,,,,,,,,,,,,,"2022-11-11 12:13:45",,,,,"2022-11-11 12:20:40 ; 2022-11-11 12:21:38 ; 2022-11-11 12:21:42 ; 2022-11-11 12:21:44 ; 2022-11-11 12:21:50",,"2022-11-11 12:27:50","2022-11-11 12:21:07 ; 2022-11-11 12:21:10 ; 2022-11-11 12:21:11 ; 2022-11-11 12:22:09",,,,,,,"2022-11-11 12:12:22 ; 2022-11-11 12:13:09 ; 2022-11-11 12:13:46 ; 2022-11-11 12:27:51",,,,,,,,,,,,,,"2022-11-11 12:22:16",,,"2022-11-11 12:13:59"
