"userid","Title","ID","Created date","Updated date","Owner","ps_instrucciones.p8","volveratras_ps.p8","cm_pgusinafp.p8","volveratras_cm.p8","ps_inicio.p8","cm_inicio.p8","cm_instrucciones.p8","bcontestaryn_inicio.p8","volverinicio_pgusinafp.p8","y_contestar.p8","pgusinafp_inicio.p8","bleaesto_inicio.p8","volverinicio_invsinafp.p8","volveratras_ci.p8","n_contestar.p8","volveratras_rsh.p8","rsh_inicio.p8","cm_contestar.p8","pguconafp_inicio.p8","ejpgu_inicio.p8","ps_pgusinafp.p8","volverinicio_contestar.p8","invsinafp_inicio.p8","cu_inicio.p8","volverinicio_instrucciones.p8","ps_contestar.p8","ci_inicio.p8","volveratras_masinfo.p8","volveratras_cu.p8","cu_masinfo.p8","invconafp_inicio.p8","cm_masinfo.p8","bcontestaryn_masinfo.p8","volveratras_clickaqui.p8","ci_masinfo.p8","ps_masinfo.p8","rsh_masinfo.p8","bleaesto_masinfo.p8","ejpgu_masinfo.p8","volverinicio_pguconafp.p8","cm_pguconafp.p8","ps_pguconafp.p8","rsh_invsinafp.p8","ci_invsinafp.p8","volverinicio_clickaqui.p8","inicio_wix.p8","rsh_pgusinafp.p8","volverinicio_invconafp.p8","ejpgu_pguconafp.p8","rsh_pguconafp.p8"
"3779-1-8-21-7-SCESS-LAB-03C",,"0131a71b-cf43-48c0-9c7d-e4e14a06a2ef",2022-11-24T17:22:51Z,2022-11-24T17:43:01Z,"63a3ad9d-1188-44c6-afc9-fb76041fc7ca",,"2022-11-24 14:31:54","2022-11-24 14:28:27","2022-11-24 14:28:32 ; 2022-11-24 14:44:01","2022-11-24 14:33:59","2022-11-24 14:24:53 ; 2022-11-24 14:28:12",,"2022-11-24 14:43:39","2022-11-24 14:38:42","2022-11-24 14:44:03","2022-11-24 14:28:17 ; 2022-11-24 14:38:36",,,,,,"2022-11-24 14:38:52 ; 2022-11-24 14:41:16","2022-11-24 14:43:56","2022-11-24 14:36:04","2022-11-24 14:30:57",,,"2022-11-24 14:29:39","2022-11-24 14:31:58",,,"2022-11-24 14:41:22",,,,"2022-11-24 14:37:31",,,,,,,,,,,,,,,"2022-11-24 14:23:54 ; 2022-11-24 14:24:38 ; 2022-11-24 14:24:43 ; 2022-11-24 14:24:50 ; 2022-11-24 14:28:06 ; 2022-11-24 14:28:15 ; 2022-11-24 14:29:36 ; 2022-11-24 14:30:51 ; 2022-11-24 14:31:55 ; 2022-11-24 14:33:55 ; 2022-11-24 14:33:57 ; 2022-11-24 14:36:02 ; 2022-11-24 14:37:28 ; 2022-11-24 14:38:23 ; 2022-11-24 14:38:43 ; 2022-11-24 14:41:03 ; 2022-11-24 14:41:20 ; 2022-11-24 14:43:38",,,,
"4343-1-8-20-8-SCESS-LAB-09I",,"02020aa7-a5d5-4340-9a49-ae27918420c8",2022-11-16T18:40:38Z,2022-11-16T18:43:11Z,"6989e4b7-ed48-4fb3-be8d-b58e902cd621",,,,,"2022-11-16 15:42:15",,,"2022-11-16 15:43:33",,"2022-11-16 15:44:02",,"2022-11-16 15:41:42",,,,,,,"2022-11-16 15:42:55",,,,,,,,,,,,,,,,,,,,,,,,,,,"2022-11-16 15:41:28 ; 2022-11-16 15:41:41 ; 2022-11-16 15:42:02 ; 2022-11-16 15:42:06 ; 2022-11-16 15:42:28 ; 2022-11-16 15:43:03",,,,
"6967-2-8-21-8-SCESS-LAB-11K",,"06e3e912-1304-45e0-af57-c348a64f57f4",2022-11-17T18:45:33Z,2022-11-17T18:58:11Z,"38f7555f-b27b-4621-8d53-ec74d80b62c4",,"2022-11-17 15:53:35","2022-11-17 15:52:41","2022-11-17 15:50:33 ; 2022-11-17 15:52:57","2022-11-17 15:48:29 ; 2022-11-17 15:50:56","2022-11-17 15:49:01",,"2022-11-17 15:59:23",,"2022-11-17 15:59:25","2022-11-17 15:52:29","2022-11-17 15:47:02 ; 2022-11-17 15:48:47","2022-11-17 15:55:39",,,"2022-11-17 15:57:58","2022-11-17 15:57:16",,"2022-11-17 15:53:49","2022-11-17 15:56:24","2022-11-17 15:53:31",,"2022-11-17 15:55:03","2022-11-17 15:58:01",,,"2022-11-17 15:58:09",,"2022-11-17 15:58:06",,"2022-11-17 15:55:49",,,,,,,,,,,,,,"2022-11-17 15:48:58","2022-11-17 15:46:47 ; 2022-11-17 15:47:57 ; 2022-11-17 15:48:08 ; 2022-11-17 15:48:37 ; 2022-11-17 15:48:42 ; 2022-11-17 15:48:58 ; 2022-11-17 15:50:34 ; 2022-11-17 15:50:46 ; 2022-11-17 15:50:55 ; 2022-11-17 15:52:26 ; 2022-11-17 15:53:44 ; 2022-11-17 15:54:58 ; 2022-11-17 15:55:40 ; 2022-11-17 15:56:14 ; 2022-11-17 15:57:12 ; 2022-11-17 15:57:59 ; 2022-11-17 15:58:06 ; 2022-11-17 15:59:03 ; 2022-11-17 15:59:07 ; 2022-11-17 15:59:21",,,,
"7071-2-8-20-8-SCESS-LAB-02B",,"084f986a-26b2-43d9-af0b-31cc0c3a1057",2022-11-17T19:44:02Z,2022-11-17T19:52:20Z,"a3eab57a-1a6e-4fd5-8521-1a7adf4c0988",,,,,"2022-11-17 16:49:01","2022-11-17 16:47:16",,"2022-11-17 16:54:12",,"2022-11-17 16:54:28","2022-11-17 16:50:55","2022-11-17 16:46:36",,,,,,,,"2022-11-17 16:52:37",,,,,,,,,,,,,,,,,,,,,,,,,,"2022-11-17 16:46:11 ; 2022-11-17 16:46:34 ; 2022-11-17 16:47:04 ; 2022-11-17 16:47:11 ; 2022-11-17 16:48:59 ; 2022-11-17 16:50:43 ; 2022-11-17 16:51:32 ; 2022-11-17 16:53:46",,,,
"2214-2-8-21-5-SCESS-LAB-014N",,"0cfe0100-83ff-44c0-94ea-a601cff06de0",2022-11-29T16:20:17Z,2022-11-29T16:35:55Z,"802dd78e-fdb9-4687-8045-c3e0845aaa64",,,,,,,,"2022-11-29 13:23:16 ; 2022-11-29 13:33:08","2022-11-29 13:23:13","2022-11-29 13:23:44","2022-11-29 13:22:57","2022-11-29 13:35:35",,,"2022-11-29 13:33:14",,,,,,,"2022-11-29 13:33:05",,,,,,,,,,,,,,,,,,,,,,,"2022-11-29 13:35:37","2022-11-29 13:20:16 ; 2022-11-29 13:20:52 ; 2022-11-29 13:22:20 ; 2022-11-29 13:22:54 ; 2022-11-29 13:23:14 ; 2022-11-29 13:33:05 ; 2022-11-29 13:35:33 ; 2022-11-29 13:35:38 ; 2022-11-29 13:35:40 ; 2022-11-29 13:35:54",,,,
"6200-2-8-22-5-SCESS-LAB-02B",,"318da298-4ada-4064-be5e-7cce2df2ed93",2022-11-24T19:24:08Z,2022-11-24T19:37:52Z,"a3eab57a-1a6e-4fd5-8521-1a7adf4c0988",,"2022-11-24 16:37:27",,,,"2022-11-24 16:27:44 ; 2022-11-24 16:31:43 ; 2022-11-24 16:32:17",,,,"2022-11-24 16:40:20","2022-11-24 16:32:00 ; 2022-11-24 16:32:48","2022-11-24 16:37:39",,"2022-11-24 16:38:44",,,,,,,"2022-11-24 16:33:43",,,"2022-11-24 16:38:53",,,"2022-11-24 16:38:35",,,,,,"2022-11-24 16:40:12",,,,,,,,,,,,,"2022-11-24 16:26:37 ; 2022-11-24 16:27:18 ; 2022-11-24 16:31:41 ; 2022-11-24 16:31:47 ; 2022-11-24 16:32:15 ; 2022-11-24 16:32:26 ; 2022-11-24 16:32:36 ; 2022-11-24 16:37:38 ; 2022-11-24 16:38:28 ; 2022-11-24 16:38:45 ; 2022-11-24 16:39:53 ; 2022-11-24 16:39:57",,,,
"9179-2-8-21-6-SCESS-LAB-16P",,"49fc6c62-bb4b-420e-9de5-6ba4b00830a0",2022-11-29T16:32:39Z,2022-11-29T16:45:26Z,"480816d6-13b9-43a8-8af3-841f0baf0a34",,"2022-11-29 13:37:23 ; 2022-11-29 13:39:47 ; 2022-11-29 13:43:42 ; 2022-11-29 13:43:57 ; 2022-11-29 13:46:35","2022-11-29 13:40:19","2022-11-29 13:36:45 ; 2022-11-29 13:38:29","2022-11-29 13:36:48 ; 2022-11-29 13:46:30","2022-11-29 13:34:31 ; 2022-11-29 13:38:25","2022-11-29 13:41:04","2022-11-29 13:46:40","2022-11-29 13:39:59","2022-11-29 13:46:54","2022-11-29 13:37:35 ; 2022-11-29 13:39:54 ; 2022-11-29 13:40:15","2022-11-29 13:38:34 ; 2022-11-29 13:40:00 ; 2022-11-29 13:44:45","2022-11-29 13:45:42","2022-11-29 13:45:39 ; 2022-11-29 13:46:12",,,,,"2022-11-29 13:38:45 ; 2022-11-29 13:42:13",,,,"2022-11-29 13:41:46 ; 2022-11-29 13:44:55","2022-11-29 13:46:16",,,"2022-11-29 13:46:09",,"2022-11-29 13:46:21",,"2022-11-29 13:45:48",,,,,,,"2022-11-29 13:40:42",,"2022-11-29 13:39:51 ; 2022-11-29 13:44:00",,"2022-11-29 13:39:42",,"2022-11-29 13:45:08","2022-11-29 13:38:41 ; 2022-11-29 13:40:13 ; 2022-11-29 13:40:44 ; 2022-11-29 13:44:52","2022-11-29 13:34:07 ; 2022-11-29 13:34:21 ; 2022-11-29 13:36:46 ; 2022-11-29 13:37:24 ; 2022-11-29 13:37:32 ; 2022-11-29 13:38:15 ; 2022-11-29 13:38:29 ; 2022-11-29 13:38:42 ; 2022-11-29 13:39:52 ; 2022-11-29 13:40:00 ; 2022-11-29 13:40:13 ; 2022-11-29 13:40:23 ; 2022-11-29 13:40:32 ; 2022-11-29 13:40:45 ; 2022-11-29 13:40:56 ; 2022-11-29 13:41:28 ; 2022-11-29 13:41:35 ; 2022-11-29 13:42:00 ; 2022-11-29 13:42:07 ; 2022-11-29 13:44:01 ; 2022-11-29 13:44:43 ; 2022-11-29 13:44:53 ; 2022-11-29 13:45:42 ; 2022-11-29 13:46:05 ; 2022-11-29 13:46:12 ; 2022-11-29 13:46:22 ; 2022-11-29 13:46:26 ; 2022-11-29 13:46:36",,"2022-11-29 13:46:05","2022-11-29 13:42:22 ; 2022-11-29 13:43:54",
"7170-2-8-21-5-SCESS-LAB-07G",,"4fef312d-fcac-485e-9b80-10d18d6e093a",2022-11-28T19:16:07Z,2022-11-28T19:17:32Z,"36913363-cbc3-4273-9774-cc76b7f37de9",,,,,,,,"2022-11-28 16:17:06",,"2022-11-28 16:17:46",,,,,,,,"2022-11-28 16:17:23","2022-11-28 16:16:43",,,,,,,,,,,,,,,,,,,,,,,,,,,"2022-11-28 16:16:20 ; 2022-11-28 16:16:32 ; 2022-11-28 16:16:58",,,,
"1242-1-8-20-7-SCESS-LAB-04D",,"53429092-5fd7-4fb6-9182-0ac0830bee00",2022-11-16T18:47:58Z,2022-11-16T19:00:25Z,"9559113a-f029-4b96-b00f-bf6558001807",,"2022-11-16 15:56:56 ; 2022-11-16 15:58:17 ; 2022-11-16 16:00:57","2022-11-16 15:57:12","2022-11-16 15:54:52 ; 2022-11-16 15:57:16","2022-11-16 15:54:56","2022-11-16 15:52:53",,"2022-11-16 16:03:15",,"2022-11-16 16:03:25","2022-11-16 15:57:02","2022-11-16 15:52:02",,"2022-11-16 16:03:13",,"2022-11-16 16:01:49","2022-11-16 16:01:01",,"2022-11-16 15:58:22","2022-11-16 16:00:03","2022-11-16 15:58:10",,"2022-11-16 15:59:45 ; 2022-11-16 15:59:45","2022-11-16 16:01:53","2022-11-16 15:51:56",,"2022-11-16 16:01:58",,"2022-11-16 16:01:55",,,,,,,,,,,,,,,,"2022-11-16 15:52:40","2022-11-16 15:50:59 ; 2022-11-16 15:51:57 ; 2022-11-16 15:52:41 ; 2022-11-16 15:52:46 ; 2022-11-16 15:54:53 ; 2022-11-16 15:56:57 ; 2022-11-16 15:58:21 ; 2022-11-16 15:59:39 ; 2022-11-16 15:59:59 ; 2022-11-16 16:00:58 ; 2022-11-16 16:01:50 ; 2022-11-16 16:01:56",,,,
"5861-1-8-22-6-SCESS-LAB-03C",,"7450e453-2aff-4822-b680-2088dc8424fc",2022-12-14T15:15:45Z,2022-12-14T15:23:35Z,"63a3ad9d-1188-44c6-afc9-fb76041fc7ca",,,,"2022-12-14 12:19:25 ; 2022-12-14 12:22:35","2022-12-14 12:19:35","2022-12-14 12:17:02 ; 2022-12-14 12:21:43 ; 2022-12-14 12:22:10",,"2022-12-14 12:24:35",,"2022-12-14 12:24:43",,"2022-12-14 12:22:42 ; 2022-12-14 12:24:25",,,,,,,"2022-12-14 12:23:30",,,,,,,,,,,,,,,,,,,,,"2022-12-14 12:23:59",,,,,"2022-12-14 12:23:05 ; 2022-12-14 12:24:32","2022-12-14 12:16:53 ; 2022-12-14 12:19:26 ; 2022-12-14 12:19:33 ; 2022-12-14 12:21:42 ; 2022-12-14 12:22:08 ; 2022-12-14 12:22:36 ; 2022-12-14 12:22:40 ; 2022-12-14 12:23:06 ; 2022-12-14 12:23:59 ; 2022-12-14 12:24:23 ; 2022-12-14 12:24:33",,,,
"3775-1-8-20-5-SCESS-LAB-04D",,"77528909-6ba2-42d2-80ac-16593f459ae9",2022-11-14T18:50:05Z,2022-11-14T18:59:41Z,"9559113a-f029-4b96-b00f-bf6558001807",,,,"2022-11-14 16:02:43",,"2022-11-14 15:57:20","2022-11-14 16:02:38","2022-11-14 15:59:57",,"2022-11-14 16:00:05",,"2022-11-14 15:53:33",,,,,,,,"2022-11-14 15:55:56",,,,,,,,,,,,,,,,,,,,,,,,,"2022-11-14 15:54:14","2022-11-14 15:53:06 ; 2022-11-14 15:54:15 ; 2022-11-14 15:54:24 ; 2022-11-14 15:55:13 ; 2022-11-14 15:55:21 ; 2022-11-14 15:57:16 ; 2022-11-14 15:57:19 ; 2022-11-14 15:59:55",,,,
"4120-2-8-20-6-SCESS-LAB-11K",,"82a73e7b-f064-4a2e-b0d6-cf6280ef0414",2022-11-16T18:46:23Z,2022-11-16T18:50:23Z,"38f7555f-b27b-4621-8d53-ec74d80b62c4",,,,,,,,"2022-11-16 15:51:29","2022-11-16 15:48:38","2022-11-16 15:51:37","2022-11-16 15:47:59","2022-11-16 15:51:04",,,,,,,,"2022-11-16 15:49:13",,,,,,,"2022-11-16 15:50:09",,,,,,,,,,,,,,,,,,,"2022-11-16 15:47:37 ; 2022-11-16 15:48:39 ; 2022-11-16 15:49:57 ; 2022-11-16 15:50:58 ; 2022-11-16 15:51:26",,,,
"1271-2-8-21-7-SCESS-LAB-04D",,"90a4e371-a57b-468e-b5d3-6bb7ec73f7f1",2022-11-30T19:43:43Z,2022-11-30T19:57:06Z,"9559113a-f029-4b96-b00f-bf6558001807",,,,,,"2022-11-30 16:50:57",,"2022-11-30 16:59:53",,"2022-11-30 17:00:31","2022-11-30 16:53:45","2022-11-30 16:50:09 ; 2022-11-30 16:54:14",,,,,,,,"2022-11-30 16:56:58",,,"2022-11-30 16:54:47",,,,,,,,"2022-11-30 16:56:00 ; 2022-11-30 16:57:48",,,,,,,,,,,,,,,"2022-11-30 16:47:08 ; 2022-11-30 16:47:59 ; 2022-11-30 16:49:00 ; 2022-11-30 16:49:49 ; 2022-11-30 16:50:05 ; 2022-11-30 16:50:43 ; 2022-11-30 16:53:07 ; 2022-11-30 16:54:10 ; 2022-11-30 16:54:37 ; 2022-11-30 16:55:52 ; 2022-11-30 16:56:39 ; 2022-11-30 16:57:39 ; 2022-11-30 16:58:29 ; 2022-11-30 16:58:35 ; 2022-11-30 16:59:08",,,,
"9980-2-8-21-6-SCESS-LAB-07G",,"98468ea0-2212-4f66-b387-986ebee68335",2022-11-14T18:48:12Z,2022-11-14T19:07:08Z,"36913363-cbc3-4273-9774-cc76b7f37de9",,"2022-11-14 15:55:49",,"2022-11-14 15:52:19","2022-11-14 15:51:05","2022-11-14 15:49:56 ; 2022-11-14 15:53:16",,"2022-11-14 15:52:27 ; 2022-11-14 16:07:52",,"2022-11-14 16:08:13","2022-11-14 15:52:15 ; 2022-11-14 15:53:10 ; 2022-11-14 15:53:40","2022-11-14 15:51:47",,,,,"2022-11-14 16:00:36",,"2022-11-14 15:57:52","2022-11-14 15:56:11 ; 2022-11-14 16:05:36","2022-11-14 15:54:31","2022-11-14 15:52:38",,"2022-11-14 15:57:38","2022-11-14 15:49:48",,"2022-11-14 16:02:51",,"2022-11-14 15:57:46",,"2022-11-14 15:59:19",,,,,,,"2022-11-14 16:06:51",,,,,,,"2022-11-14 15:52:01","2022-11-14 15:49:16 ; 2022-11-14 15:49:49 ; 2022-11-14 15:51:02 ; 2022-11-14 15:51:45 ; 2022-11-14 15:52:02 ; 2022-11-14 15:52:12 ; 2022-11-14 15:52:24 ; 2022-11-14 15:52:39 ; 2022-11-14 15:53:00 ; 2022-11-14 15:53:14 ; 2022-11-14 15:53:38 ; 2022-11-14 15:56:05 ; 2022-11-14 15:57:33 ; 2022-11-14 15:57:47 ; 2022-11-14 15:59:15 ; 2022-11-14 16:00:32 ; 2022-11-14 16:02:47 ; 2022-11-14 16:05:30 ; 2022-11-14 16:06:29 ; 2022-11-14 16:06:35 ; 2022-11-14 16:07:01 ; 2022-11-14 16:07:34",,,,
"987-2-8-23-7-SCESS-LAB-03C",,"9b30bece-6dd2-4ad8-a442-eef83fb8c0cc",2022-11-16T19:34:53Z,2022-11-16T19:55:33Z,"63a3ad9d-1188-44c6-afc9-fb76041fc7ca",,"2022-11-16 16:41:27 ; 2022-11-16 16:44:00 ; 2022-11-16 16:50:03 ; 2022-11-16 16:52:56",,"2022-11-16 16:46:47 ; 2022-11-16 16:54:17","2022-11-16 16:42:07 ; 2022-11-16 16:49:24","2022-11-16 16:36:46 ; 2022-11-16 16:45:45 ; 2022-11-16 16:53:38",,"2022-11-16 16:50:05","2022-11-16 16:55:51","2022-11-16 16:50:23","2022-11-16 16:39:05 ; 2022-11-16 16:53:01 ; 2022-11-16 16:54:19 ; 2022-11-16 16:55:53",,"2022-11-16 16:41:04 ; 2022-11-16 16:47:15","2022-11-16 16:48:23",,"2022-11-16 16:49:19","2022-11-16 16:48:31","2022-11-16 16:52:47","2022-11-16 16:44:22","2022-11-16 16:41:09",,,"2022-11-16 16:40:38 ; 2022-11-16 16:46:50","2022-11-16 16:41:36",,"2022-11-16 16:52:51","2022-11-16 16:47:32 ; 2022-11-16 16:48:25",,"2022-11-16 16:42:00",,,,,,,,,,,"2022-11-16 16:44:54",,,,,,"2022-11-16 16:35:47 ; 2022-11-16 16:36:13 ; 2022-11-16 16:36:34 ; 2022-11-16 16:38:53 ; 2022-11-16 16:40:14 ; 2022-11-16 16:41:05 ; 2022-11-16 16:41:28 ; 2022-11-16 16:42:01 ; 2022-11-16 16:42:02 ; 2022-11-16 16:44:00 ; 2022-11-16 16:44:55 ; 2022-11-16 16:44:56 ; 2022-11-16 16:45:43 ; 2022-11-16 16:46:47 ; 2022-11-16 16:47:16 ; 2022-11-16 16:48:24 ; 2022-11-16 16:48:29 ; 2022-11-16 16:49:19 ; 2022-11-16 16:49:22 ; 2022-11-16 16:50:03 ; 2022-11-16 16:52:59 ; 2022-11-16 16:53:35 ; 2022-11-16 16:54:17 ; 2022-11-16 16:55:52 ; 2022-11-16 16:56:28",,,,
"4885-2-8-27-5-SCESS-LAB-16P",,"9b616c60-e56f-4394-9d22-54c9eb231cfe",2022-11-11T15:43:45Z,2022-11-11T15:49:56Z,"480816d6-13b9-43a8-8af3-841f0baf0a34",,"2022-11-11 12:49:10",,"2022-11-11 12:47:33","2022-11-11 12:47:37","2022-11-11 12:45:42",,"2022-11-11 12:50:41",,"2022-11-11 12:51:01","2022-11-11 12:49:25",,,,,,,,,,,,,,"2022-11-11 12:45:11 ; 2022-11-11 12:49:19",,,,,,,,,,,,,,,,,,,,,"2022-11-11 12:44:50 ; 2022-11-11 12:45:12 ; 2022-11-11 12:45:28 ; 2022-11-11 12:45:39 ; 2022-11-11 12:47:34 ; 2022-11-11 12:49:11 ; 2022-11-11 12:49:20 ; 2022-11-11 12:50:39",,,,
"6663-2-8-21-7-SCESS-LAB-03C",,"b23faa0e-2aa2-433f-8fe2-fe929a16686c",2022-11-23T19:50:22Z,2022-11-23T19:55:39Z,"63a3ad9d-1188-44c6-afc9-fb76041fc7ca","2022-11-23 16:54:24","2022-11-23 16:55:12",,,,"2022-11-23 16:55:22","2022-11-23 16:51:55","2022-11-23 16:56:40",,"2022-11-23 16:56:42",,"2022-11-23 16:56:01",,,,,,,,,,,,,,,,,,,,,,,,,,,,,,,,,,"2022-11-23 16:51:24 ; 2022-11-23 16:55:15 ; 2022-11-23 16:55:26 ; 2022-11-23 16:55:59 ; 2022-11-23 16:56:29",,,,
"6673-1-8-25-7-SCESS-LAB-02B",,"b72ab036-cb0a-4fa8-a760-05af16d08598",2022-11-23T19:09:12Z,2022-11-23T19:28:26Z,"a3eab57a-1a6e-4fd5-8521-1a7adf4c0988",,,,,,,,"2022-11-23 16:30:50",,"2022-11-23 16:30:55",,,,,,,,,,,,,,,,,,,,,,,,,,,,,,,,,,,,"2022-11-23 16:11:41 ; 2022-11-23 16:12:18 ; 2022-11-23 16:26:37",,,,
"617-1-8-21-5-SCESS-LAB-06F",,"bdafaa61-086c-4ca5-88fa-72fc4295a2b9",2022-11-30T19:07:39Z,2022-11-30T19:10:03Z,"8d814ba3-c48e-4172-a862-de3f41549553",,,,,,,,"2022-11-30 16:11:11",,"2022-11-30 16:11:43",,,,,,,,,,,,,,,,,,,,,,,,,,,,,,,,,,,,"2022-11-30 16:09:19 ; 2022-11-30 16:09:34",,,,
"8429-1-8-25-5-SCESS-LAB-07G",,"e91ed947-82e2-46f3-92e7-6db9f5513fc1",2022-11-24T19:49:29Z,2022-11-24T20:14:02Z,"36913363-cbc3-4273-9774-cc76b7f37de9",,"2022-11-24 16:58:44",,,"2022-11-24 16:57:01","2022-11-24 16:50:27",,"2022-11-24 16:56:51 ; 2022-11-24 16:59:19",,"2022-11-24 16:59:25",,"2022-11-24 16:58:53",,,,,,,,,,,,,,,,,,,,,,,,,,,,,,,,,,"2022-11-24 16:49:37 ; 2022-11-24 16:50:19 ; 2022-11-24 16:52:38 ; 2022-11-24 16:52:55 ; 2022-11-24 16:55:33 ; 2022-11-24 16:56:59 ; 2022-11-24 16:58:45 ; 2022-11-24 16:58:49 ; 2022-11-24 16:59:15 ; 2022-11-24 17:14:10",,,,
"936-2-8-20-6-SCESS-LAB-02B",,"f7367ed7-0cb5-4f3a-86f2-cd588f8e1bc8",2022-12-14T15:16:04Z,2022-12-14T15:17:54Z,"a3eab57a-1a6e-4fd5-8521-1a7adf4c0988",,,,,,,,"2022-12-14 12:19:35",,"2022-12-14 12:20:08",,,,,,,,,,,,,,,,,,,,,,,,,,,,,,,,,,,,"2022-12-14 12:18:19 ; 2022-12-14 12:18:27 ; 2022-12-14 12:19:12",,,,
