Title,ID,Created date,Updated date,Owner,userid,cmvideoplay_invsinafp.p2,volverinicio_contestar.p2,volverinicio_invconafp.p2,bcontestaryn_inicio.p2,rsh_pgusinafp.p2,volveratras_ps.p2,videoplay_cm.p2,bleaesto_masinfo.p2,cm_inicio.p2,cu_masinfo.p2,videopausa_cm.p2,rsh_pguconafp.p2,ejpgu_pguconafp.p2,ps_inicio.p2,ci_invsinafp.p2,cm_instrucciones.p2,ejpgu_masinfo.p2,pguconafp_inicio.p2,volveratras_cu.p2,rsh_inicio.p2,volverinicio_pgusinafp.p2,cm_contestar.p2,bcontestaryn_masinfo.p2,cmvideoplay_pgusinafp.p2,volveratras_ci.p2,psvideoplay_pgusinafp.p2,volveratras_rsh.p2,ps_instrucciones.p2,volverinicio_instrucciones.p2,volverinicio_pgusconafp.p2,rsh_masinfo.p2,psvideoplay_pguconafp.p2,bleaesto_inicio.p2,psvideopausa_invsinafp.p2,ci_inicio.p2,ci_masinfo.p2,cm_masinfo.p2,cmvideopausa_pguconafp.p2,volveratras_masinfo.p2,cu_inicio.p2,volverinicio_clickaqui.p2,ps_masinfo.p2,volveratras_cm.p2,ps_contestar.p2,cmvideoplay_pguconafp.p2,cu_pgusinafp.p2,invsinafp_inicio.p2,volverinicio_invsinafp.p2,pgusinafp_inicio.p2,y_contestar.p2,cmvideopausa_invsinafp.p2,cmvideopausa_pgusinafp.p2,ejpgu_inicio.p2,n_contestar.p2,ci_invconafp.p2,invconafp_inicio.p2,rsh_invconafp.p2,rsh_invsinafp.p2,volveratras_clickaqui.p2,psvideopausa_pgusinafp.p2,videoplay_ps.p2,videopausa_ps.p2,inicio_wix.p2,psvideopausa_pguconafp.p2,psvideoplay_invconafp.p2,cmvideoplay_invconfp.p2,psvideoplay_invsinafp.p2,psvideopausa_invconafp.p2,cmvideopausa_invconafp.p2
,00ea18a5-6fb1-4b90-b1b7-c44845afc7e0,2022-11-22T17:41:01Z,2022-11-22T17:53:25Z,573c9224-1f50-4cf1-bf0f-3d6ced8dab43,6995-1-2-28-6-SCESS-LAB-02B,,,2022-11-22 14:55:04,2022-11-22 14:55:37,,2022-11-22 14:51:42,2022-11-22 14:43:36 ; 2022-11-22 14:47:33,,,,,,,,,2022-11-22 14:43:30,,2022-11-22 14:52:55 ; 2022-11-22 14:54:01,,,2022-11-22 14:52:52,,,2022-11-22 14:52:13,,,,2022-11-22 14:47:35,,,,,,,,,,,,2022-11-22 14:53:30,,,2022-11-22 14:47:33,,,,2022-11-22 14:54:23,2022-11-22 14:54:39,2022-11-22 14:52:11 ; 2022-11-22 14:53:38,2022-11-22 14:55:55,,2022-11-22 14:52:44,2022-11-22 14:55:11,,,2022-11-22 14:54:42,,,,,2022-11-22 14:47:38 ; 2022-11-22 14:51:23 ; 2022-11-22 14:51:27 ; 2022-11-22 14:51:30 ; 2022-11-22 14:51:31,,2022-11-22 14:51:44 ; 2022-11-22 14:51:58 ; 2022-11-22 14:52:53 ; 2022-11-22 14:53:14 ; 2022-11-22 14:53:35 ; 2022-11-22 14:53:59 ; 2022-11-22 14:54:20 ; 2022-11-22 14:54:40 ; 2022-11-22 14:55:05 ; 2022-11-22 14:55:34,,,,,,
,0850a350-64cd-4cee-b145-ac446c1cabd0,2022-11-30T19:32:18Z,2022-11-30T19:43:29Z,63ce4c73-5fea-4891-bdd4-12e2b2597f39,536-2-2-23-5-SCESS-LAB-11K,,,,2022-11-30 16:44:46,,2022-11-30 16:44:21,2022-11-30 16:35:50,,2022-11-30 16:35:37,,,,,2022-11-30 16:40:27,,,,,,,,,,,,,,,,,,,2022-11-30 16:34:30,,,,,,,,,,2022-11-30 16:40:02,,,,,,,2022-11-30 16:44:57,,,,,,,,,,,2022-11-30 16:40:31,,2022-11-30 16:33:45 ; 2022-11-30 16:34:20 ; 2022-11-30 16:35:18 ; 2022-11-30 16:40:03 ; 2022-11-30 16:40:21 ; 2022-11-30 16:44:22 ; 2022-11-30 16:44:44,,,,,,
,107c3b70-7619-4944-b4ea-eb9bca5600d2,2022-11-24T18:55:37Z,2022-11-24T19:18:20Z,822a951f-2b84-410a-9630-9eaf10a030cf,759-1-2-22-8-SCESS-LAB-07G,,2022-11-24 16:18:23,,2022-11-24 16:04:30 ; 2022-11-24 16:18:29,,,2022-11-24 15:56:06,,2022-11-24 15:56:03,,,,,2022-11-24 16:00:34,,,,,,,,,,,,,,,,,,,,,,,,,,,,,2022-11-24 16:00:09,,,,,,,2022-11-24 16:04:37,,,,2022-11-24 16:16:38 ; 2022-11-24 16:17:03 ; 2022-11-24 16:17:27,,,,,,,2022-11-24 16:00:36,,2022-11-24 15:55:46 ; 2022-11-24 15:55:54 ; 2022-11-24 16:00:10 ; 2022-11-24 16:04:21 ; 2022-11-24 16:18:23 ; 2022-11-24 16:18:25,,,,,,
,190cc86d-58ab-4c3e-a78e-bf766dfa49f7,2022-11-29T16:04:20Z,2022-11-29T16:14:59Z,0a22972f-5669-44a8-83c3-c2fbc9097400,4917-2-2-20-6-SCESS-LAB-04D,,,,2022-11-29 13:18:04,,2022-11-29 13:18:00,2022-11-29 13:09:47,,2022-11-29 13:09:36,,,,,2022-11-29 13:14:08,,,,,,,,,,,,,,,,,,,2022-11-29 13:08:14,,,,,,,,2022-11-29 13:08:41,,2022-11-29 13:13:58,,,,,,,2022-11-29 13:18:25,,,,,,,,,,,2022-11-29 13:14:11,,2022-11-29 13:07:46 ; 2022-11-29 13:07:57 ; 2022-11-29 13:08:42 ; 2022-11-29 13:09:02 ; 2022-11-29 13:09:34 ; 2022-11-29 13:13:59 ; 2022-11-29 13:18:01,,,,,,
,21202b75-dba4-4f01-956f-1aaa02554014,2022-11-17T18:37:27Z,2022-11-17T18:58:41Z,7c75a9dd-52f6-4da6-9550-1978746b3b46,6654-1-2-19-6-SCESS-LAB-03C,,,,2022-11-17 15:56:51,,,2022-11-17 15:42:21 ; 2022-11-17 15:46:27 ; 2022-11-17 15:46:39 ; 2022-11-17 15:46:43 ; 2022-11-17 15:47:05 ; 2022-11-17 15:47:06 ; 2022-11-17 15:47:19 ; 2022-11-17 15:47:28 ; 2022-11-17 15:47:34 ; 2022-11-17 15:47:35 ; 2022-11-17 15:49:50 ; 2022-11-17 15:49:50 ; 2022-11-17 15:49:51 ; 2022-11-17 15:49:53 ; 2022-11-17 15:49:55 ; 2022-11-17 15:50:01 ; 2022-11-17 15:50:03 ; 2022-11-17 15:50:04 ; 2022-11-17 15:50:12 ; 2022-11-17 15:50:45 ; 2022-11-17 15:50:46,,2022-11-17 15:42:12,,2022-11-17 15:47:07,,,2022-11-17 15:50:53,,,,,,,,,,,,,,,,,,,,,,,,,,,,,2022-11-17 15:50:48,,,,,,2022-11-17 15:41:34 ; 2022-11-17 15:55:32,2022-11-17 15:57:10 ; 2022-11-17 15:59:36,,,,,,,,,,,2022-11-17 15:50:55 ; 2022-11-17 15:51:02 ; 2022-11-17 15:51:02 ; 2022-11-17 15:51:27 ; 2022-11-17 15:51:28 ; 2022-11-17 15:52:32 ; 2022-11-17 15:52:40 ; 2022-11-17 15:52:42 ; 2022-11-17 15:52:45 ; 2022-11-17 15:54:43 ; 2022-11-17 15:54:44,,2022-11-17 15:38:23 ; 2022-11-17 15:38:58 ; 2022-11-17 15:39:14 ; 2022-11-17 15:39:24 ; 2022-11-17 15:40:01 ; 2022-11-17 15:40:29 ; 2022-11-17 15:40:58 ; 2022-11-17 15:41:11 ; 2022-11-17 15:41:19 ; 2022-11-17 15:42:10 ; 2022-11-17 15:50:49 ; 2022-11-17 15:55:09 ; 2022-11-17 15:55:30 ; 2022-11-17 15:56:44,,,,,,
,47e8a57c-a431-452f-9f9e-7820f021258d,2022-11-22T19:09:35Z,2022-11-22T19:27:27Z,q,2437-2-2-19-8-SCESS-LAB-06F,,,,2022-11-22 16:23:25,,2022-11-22 16:23:13,2022-11-22 16:14:32 ; 2022-11-22 16:25:34 ; 2022-11-22 16:26:16 ; 2022-11-22 16:27:54 ; 2022-11-22 16:28:17 ; 2022-11-22 16:28:40 ; 2022-11-22 16:28:44 ; 2022-11-22 16:28:48 ; 2022-11-22 16:28:50 ; 2022-11-22 16:28:53 ; 2022-11-22 16:28:54 ; 2022-11-22 16:28:58 ; 2022-11-22 16:29:00 ; 2022-11-22 16:29:03 ; 2022-11-22 16:29:04 ; 2022-11-22 16:29:08 ; 2022-11-22 16:29:10,,2022-11-22 16:13:46 ; 2022-11-22 16:25:31,,2022-11-22 16:18:43 ; 2022-11-22 16:25:33 ; 2022-11-22 16:26:52 ; 2022-11-22 16:29:13,,,2022-11-22 16:18:49,,,,,,,,,,,,,,,,,,,2022-11-22 16:12:55,,,,,,,,,,2022-11-22 16:18:46,,,,,,,2022-11-22 16:23:41,,,,,,,,,,,2022-11-22 16:18:59 ; 2022-11-22 16:22:21 ; 2022-11-22 16:22:23,,2022-11-22 16:11:20 ; 2022-11-22 16:12:22 ; 2022-11-22 16:12:53 ; 2022-11-22 16:13:30 ; 2022-11-22 16:18:47 ; 2022-11-22 16:23:14 ; 2022-11-22 16:23:20 ; 2022-11-22 16:25:23,,,,,,
,505dfc06-f946-476c-a0ce-44af1d920365,2022-11-17T19:59:27Z,2022-11-17T20:08:54Z,c0a71532-7435-4a3c-a0b1-2fbe879b003c,1844-2-2-22-6-SCESS-LAB-13M,,,,2022-11-17 17:08:44,,2022-11-17 17:08:37,2022-11-17 17:00:09,,2022-11-17 17:00:00,,,,,2022-11-17 17:04:21,,,,,,,,,,,,,,,,,,,2022-11-17 16:59:45,,,,,,,,,,2022-11-17 17:04:19,,,,,,,2022-11-17 17:08:56,,,,,,,,,,,2022-11-17 17:04:24,2022-11-17 17:07:51,2022-11-17 16:59:29 ; 2022-11-17 16:59:40 ; 2022-11-17 16:59:55 ; 2022-11-17 17:04:20 ; 2022-11-17 17:08:38,,,,,,
,5ca15eec-7011-4c7f-83ff-91d704638f03,2022-11-17T18:50:15Z,2022-11-17T19:07:54Z,15aacc38-2b0d-4367-9bec-52ccfc7672e2,9894-2-2-22-6-SCESS-LAB-014N,,,,2022-11-17 16:07:52,,,2022-11-17 15:50:59,,2022-11-17 15:50:48,,,,,2022-11-17 15:55:18,,,,2022-11-17 16:01:27,,2022-11-17 16:04:49,,,,,,,,,,,,,2022-11-17 15:59:22,,2022-11-17 16:06:43,,,,,2022-11-17 16:06:05,,,2022-11-17 15:55:04,,,,2022-11-17 16:02:21,2022-11-17 16:03:01,2022-11-17 16:00:30,2022-11-17 16:07:59,,,2022-11-17 16:03:58,,,2022-11-17 16:03:04,,,,,2022-11-17 15:55:21,,2022-11-17 15:50:20 ; 2022-11-17 15:50:28 ; 2022-11-17 15:50:38 ; 2022-11-17 15:55:05 ; 2022-11-17 15:55:17 ; 2022-11-17 15:59:07 ; 2022-11-17 15:59:41 ; 2022-11-17 15:59:50 ; 2022-11-17 16:00:09 ; 2022-11-17 16:00:24 ; 2022-11-17 16:00:26 ; 2022-11-17 16:01:23 ; 2022-11-17 16:02:18 ; 2022-11-17 16:03:54 ; 2022-11-17 16:04:46 ; 2022-11-17 16:06:02 ; 2022-11-17 16:06:41 ; 2022-11-17 16:07:50,,,,,,
,67e1ddbb-5981-4cd3-98d6-04ade00e966c,2022-12-14T16:44:33Z,2022-12-14T16:46:32Z,7c75a9dd-52f6-4da6-9550-1978746b3b46,2517-2-2-30-8-SCESS-LAB-03C,,,,2022-12-14 13:47:11,,,,,,,,,,,,,,,,,,,,,,,,,2022-12-14 13:46:06,,,,2022-12-14 13:46:51,,,,,,,,,,,,,,,,,2022-12-14 13:47:39,,,,,,,,,,,,,2022-12-14 13:45:40 ; 2022-12-14 13:46:07 ; 2022-12-14 13:46:33 ; 2022-12-14 13:47:09,,,,,,
,69bd4b58-a4b5-49b1-adeb-ae23bc2fe789,2022-11-15T17:53:48Z,2022-11-15T18:07:28Z,c0e47e2e-c7fc-44f8-a2cb-23d4b177a0f5,6846-1-2-20-6-SCESS-LAB-08H,,,2022-11-15 15:06:38,2022-11-15 15:07:13,,2022-11-15 15:05:50,2022-11-15 14:54:09 ; 2022-11-15 14:55:11 ; 2022-11-15 14:55:16,,2022-11-15 14:54:02,,2022-11-15 14:55:12 ; 2022-11-15 14:58:32,,,2022-11-15 15:01:51,,,,2022-11-15 14:59:41,,,2022-11-15 14:59:31,,,,,,,,,2022-11-15 15:00:38,,,,,,,,,,,,,2022-11-15 14:58:36,,,,2022-11-15 15:01:10,2022-11-15 15:01:46,2022-11-15 14:59:02,2022-11-15 15:07:27,,,,,,2022-11-15 15:06:10,,,,,2022-11-15 15:01:54,2022-11-15 15:05:46,2022-11-15 14:53:47 ; 2022-11-15 14:58:37 ; 2022-11-15 14:59:32 ; 2022-11-15 15:00:39 ; 2022-11-15 15:00:50 ; 2022-11-15 15:01:46 ; 2022-11-15 15:01:50 ; 2022-11-15 15:05:51 ; 2022-11-15 15:06:39 ; 2022-11-15 15:06:58,,,,,,
,8bd01e20-e2b5-4489-a0e1-3a57420a7854,2022-11-15T17:54:22Z,2022-11-15T18:08:19Z,a7d00335-3a54-43d0-a590-2e9ff72fb055,4194-2-2-19-8-SCESS-LAB-09I,,,,2022-11-15 15:08:56,,,2022-11-15 14:55:52 ; 2022-11-15 14:59:47 ; 2022-11-15 14:59:50 ; 2022-11-15 14:59:52 ; 2022-11-15 14:59:53 ; 2022-11-15 14:59:54 ; 2022-11-15 14:59:59 ; 2022-11-15 15:00:00 ; 2022-11-15 15:00:03,,2022-11-15 14:55:49,,2022-11-15 14:59:46,,,2022-11-15 15:01:23,,,,,,,,,,,,,,,,,,,,,,,,,,,,,,,,,,,,2022-11-15 15:09:09,,,,,,2022-11-15 15:08:13,,,,,2022-11-15 15:01:33 ; 2022-11-15 15:02:21 ; 2022-11-15 15:02:22 ; 2022-11-15 15:02:24 ; 2022-11-15 15:02:25 ; 2022-11-15 15:02:27 ; 2022-11-15 15:05:44 ; 2022-11-15 15:05:47 ; 2022-11-15 15:05:51 ; 2022-11-15 15:05:52,2022-11-15 15:05:47,2022-11-15 14:55:11 ; 2022-11-15 14:55:27 ; 2022-11-15 14:55:43 ; 2022-11-15 15:01:06 ; 2022-11-15 15:01:20 ; 2022-11-15 15:06:36 ; 2022-11-15 15:07:01 ; 2022-11-15 15:08:46,,,2022-11-15 15:08:17 ; 2022-11-15 15:08:20 ; 2022-11-15 15:08:22 ; 2022-11-15 15:08:41 ; 2022-11-15 15:08:43,,,
,8df215de-8581-46eb-ab11-dab05d5cbe79,2022-11-29T16:24:08Z,2022-11-29T16:34:59Z,573c9224-1f50-4cf1-bf0f-3d6ced8dab43,4551-2-2-21-8-SCESS-LAB-02B,,2022-11-29 13:36:23,,2022-11-29 13:28:44 ; 2022-11-29 13:36:26 ; 2022-11-29 13:37:19,,,,,,,,,,,,,,,,,,,,,,,,,,,,,2022-11-29 13:26:55,,,,,,,,2022-11-29 13:27:25,,,,,,,,,2022-11-29 13:28:52 ; 2022-11-29 13:36:30 ; 2022-11-29 13:37:21,,,2022-11-29 13:28:23,2022-11-29 13:36:41 ; 2022-11-29 13:37:25,,,,,,,,,2022-11-29 13:26:33 ; 2022-11-29 13:26:40 ; 2022-11-29 13:27:26 ; 2022-11-29 13:28:30 ; 2022-11-29 13:36:24 ; 2022-11-29 13:37:07,,,,,,
,8f07d6b8-7a3d-4417-b895-1f17b1368c88,2022-12-01T19:53:17Z,2022-12-01T20:11:45Z,0a22972f-5669-44a8-83c3-c2fbc9097400,3602-2-2-21-8-SCESS-LAB-04D,,,,2022-12-01 17:11:30,,2022-12-01 17:07:02,2022-12-01 16:57:55 ; 2022-12-01 17:08:26,,2022-12-01 16:57:48 ; 2022-12-01 17:08:25,,2022-12-01 16:58:01,,,2022-12-01 17:02:46,,,,,,,,,,,,,,,,,,,2022-12-01 17:12:08,,,,,,,,,,2022-12-01 17:11:25,,,,,,,2022-12-01 17:11:39,,,,,,,,,,,2022-12-01 17:02:48 ; 2022-12-01 17:06:13,,2022-12-01 16:56:41 ; 2022-12-01 16:57:12 ; 2022-12-01 16:57:22 ; 2022-12-01 16:57:39 ; 2022-12-01 17:02:11 ; 2022-12-01 17:02:43 ; 2022-12-01 17:07:02 ; 2022-12-01 17:08:24 ; 2022-12-01 17:11:26 ; 2022-12-01 17:12:01 ; 2022-12-01 17:12:04 ; 2022-12-01 17:14:23 ; 2022-12-01 17:15:10,,,,,,
,92b815eb-906c-4b08-aad3-7f9afdd288e3,2022-12-14T16:49:09Z,2022-12-14T17:01:21Z,63ce4c73-5fea-4891-bdd4-12e2b2597f39,2352-1-2-33-7-SCESS-LAB-11K,,,,2022-12-14 14:01:54 ; 2022-12-14 14:02:50,,2022-12-14 14:01:48,2022-12-14 13:54:21,2022-12-14 13:52:25,2022-12-14 13:54:17,,,,,2022-12-14 13:58:20,,,,,,,,,,,,,,,2022-12-14 13:51:36 ; 2022-12-14 13:52:14,,,,2022-12-14 13:53:14,,,,,,,,2022-12-14 13:52:53,,2022-12-14 13:58:14,,,,,,2022-12-14 14:02:33,2022-12-14 14:02:55,,,,,,,,,,,2022-12-14 13:58:22,,2022-12-14 13:50:44 ; 2022-12-14 13:51:37 ; 2022-12-14 13:51:46 ; 2022-12-14 13:52:15 ; 2022-12-14 13:52:54 ; 2022-12-14 13:53:23 ; 2022-12-14 13:53:46 ; 2022-12-14 13:54:15 ; 2022-12-14 13:58:15 ; 2022-12-14 14:01:49 ; 2022-12-14 14:02:02 ; 2022-12-14 14:02:10 ; 2022-12-14 14:02:17 ; 2022-12-14 14:02:42 ; 2022-12-14 14:02:44,,,,,,
,97de8900-436e-4cb2-941c-192712f8d2eb,2022-11-16T18:36:43Z,2022-11-16T18:45:30Z,7c75a9dd-52f6-4da6-9550-1978746b3b46,7726-1-2-20-7-SCESS-LAB-03C,,,,2022-11-16 15:46:22,,2022-11-16 15:45:57,2022-11-16 15:38:25 ; 2022-11-16 15:41:46 ; 2022-11-16 15:41:47 ; 2022-11-16 15:41:48 ; 2022-11-16 15:41:50 ; 2022-11-16 15:41:50 ; 2022-11-16 15:41:51 ; 2022-11-16 15:41:53 ; 2022-11-16 15:41:54 ; 2022-11-16 15:41:55 ; 2022-11-16 15:41:58,,2022-11-16 15:38:22,,,,,2022-11-16 15:43:02,,,,,,,,,,,,,,,,,,,,,,,,,,,,,2022-11-16 15:42:50,,,,,,,2022-11-16 15:46:25,,,,,,,,,,,2022-11-16 15:43:04 ; 2022-11-16 15:44:52 ; 2022-11-16 15:44:54 ; 2022-11-16 15:44:55 ; 2022-11-16 15:45:17 ; 2022-11-16 15:45:53,2022-11-16 15:45:55,2022-11-16 15:37:37 ; 2022-11-16 15:37:54 ; 2022-11-16 15:38:03 ; 2022-11-16 15:38:21 ; 2022-11-16 15:42:51 ; 2022-11-16 15:45:58,,,,,,
,98ffda2e-8113-4d0e-85dc-b5e7707691cc,2022-11-15T19:17:23Z,2022-11-15T19:28:44Z,7c75a9dd-52f6-4da6-9550-1978746b3b46,3955-2-2-21-8-SCESS-LAB-03C,,,,2022-11-15 16:21:02,,,,,,,,,,,,,,2022-11-15 16:19:11,,2022-11-15 16:20:10,,,,,,,2022-11-15 16:20:16,,,,,,2022-11-15 16:20:18,,,,,,,,,,,,,,,,,2022-11-15 16:21:06,,,,,,,,,,,2022-11-15 16:24:01 ; 2022-11-15 16:24:05 ; 2022-11-15 16:25:27 ; 2022-11-15 16:26:47 ; 2022-11-15 16:26:49 ; 2022-11-15 16:26:51 ; 2022-11-15 16:26:55 ; 2022-11-15 16:27:02 ; 2022-11-15 16:27:19 ; 2022-11-15 16:27:35,2022-11-15 16:25:24 ; 2022-11-15 16:26:52 ; 2022-11-15 16:26:53 ; 2022-11-15 16:26:54 ; 2022-11-15 16:26:58 ; 2022-11-15 16:26:59 ; 2022-11-15 16:27:00 ; 2022-11-15 16:27:01 ; 2022-11-15 16:27:32 ; 2022-11-15 16:27:32 ; 2022-11-15 16:27:33 ; 2022-11-15 16:27:34 ; 2022-11-15 16:27:37,2022-11-15 16:18:18 ; 2022-11-15 16:18:44 ; 2022-11-15 16:19:55 ; 2022-11-15 16:20:17 ; 2022-11-15 16:20:48 ; 2022-11-15 16:20:59 ; 2022-11-15 16:22:28 ; 2022-11-15 16:23:54 ; 2022-11-15 16:27:38 ; 2022-11-15 16:29:39,,,,,,
,a2653a33-6c51-461e-99ee-56454b671aef,2022-11-17T18:37:03Z,2022-11-17T18:59:32Z,257121cc-4baf-4c1e-9613-2f99110a58ff,213-2-2-21-8-SCESS-LAB-01A,,,,2022-11-17 16:00:23,,,2022-11-17 17:10:54 ; 2022-11-17 17:13:09,,2022-11-17 17:10:51,,,,,2022-11-17 17:15:13,,,,,,,,,,,,,,,,,,,2022-11-17 17:10:26,,2022-11-17 17:09:43,,,,,,,,2022-11-17 17:15:08,,,,,,,2022-11-17 16:00:45,,,,,,,,,,,2022-11-17 17:15:16 ; 2022-11-17 17:17:27 ; 2022-11-17 17:17:29 ; 2022-11-17 17:17:47 ; 2022-11-17 17:17:49 ; 2022-11-17 17:19:29,,2022-11-17 17:08:21 ; 2022-11-17 17:08:57 ; 2022-11-17 17:08:59 ; 2022-11-17 17:09:24 ; 2022-11-17 17:10:21 ; 2022-11-17 17:10:42 ; 2022-11-17 17:15:09 ; 2022-11-17 15:59:03 ; 2022-11-17 15:59:25,,,,,,
,acacbdb3-b273-47e0-872b-c4f51086ec07,2022-11-14T18:50:00Z,2022-11-14T19:12:53Z,573c9224-1f50-4cf1-bf0f-3d6ced8dab43,3062-1-2-19-8-SCESS-LAB-02B,,,,2022-11-14 16:14:43,,2022-11-14 16:14:07,2022-11-14 15:53:18 ; 2022-11-14 15:53:32 ; 2022-11-14 15:53:33 ; 2022-11-14 15:54:23 ; 2022-11-14 15:54:25 ; 2022-11-14 15:54:27 ; 2022-11-14 15:54:29 ; 2022-11-14 15:54:42 ; 2022-11-14 15:54:52 ; 2022-11-14 15:55:22 ; 2022-11-14 15:55:24 ; 2022-11-14 15:55:29 ; 2022-11-14 15:55:38 ; 2022-11-14 15:55:40 ; 2022-11-14 15:56:00 ; 2022-11-14 15:56:01 ; 2022-11-14 15:56:02 ; 2022-11-14 15:56:04 ; 2022-11-14 15:56:05 ; 2022-11-14 15:56:06 ; 2022-11-14 15:56:15 ; 2022-11-14 15:56:16 ; 2022-11-14 15:57:12 ; 2022-11-14 15:58:13 ; 2022-11-14 15:58:14 ; 2022-11-14 15:58:51 ; 2022-11-14 15:58:52 ; 2022-11-14 15:58:56 ; 2022-11-14 16:00:27 ; 2022-11-14 16:00:29 ; 2022-11-14 16:00:54 ; 2022-11-14 16:00:55 ; 2022-11-14 16:01:20 ; 2022-11-14 16:01:27 ; 2022-11-14 16:01:28 ; 2022-11-14 16:02:09 ; 2022-11-14 16:03:11 ; 2022-11-14 16:03:20 ; 2022-11-14 16:03:32 ; 2022-11-14 16:04:18 ; 2022-11-14 16:04:20 ; 2022-11-14 16:04:25 ; 2022-11-14 16:04:32 ; 2022-11-14 16:04:52 ; 2022-11-14 16:04:54 ; 2022-11-14 16:05:02 ; 2022-11-14 16:05:17 ; 2022-11-14 16:05:28 ; 2022-11-14 16:07:03 ; 2022-11-14 16:08:01 ; 2022-11-14 16:08:02 ; 2022-11-14 16:08:23 ; 2022-11-14 16:08:33,,,,2022-11-14 15:54:39 ; 2022-11-14 15:54:50 ; 2022-11-14 15:54:51 ; 2022-11-14 15:54:57 ; 2022-11-14 15:55:14 ; 2022-11-14 15:55:20 ; 2022-11-14 15:55:28 ; 2022-11-14 15:56:40 ; 2022-11-14 15:57:00 ; 2022-11-14 15:57:04 ; 2022-11-14 15:57:06 ; 2022-11-14 15:57:07 ; 2022-11-14 15:57:11 ; 2022-11-14 15:58:12 ; 2022-11-14 15:58:16 ; 2022-11-14 15:58:54 ; 2022-11-14 16:00:28 ; 2022-11-14 16:01:26 ; 2022-11-14 16:03:08 ; 2022-11-14 16:03:31 ; 2022-11-14 16:04:04 ; 2022-11-14 16:04:25 ; 2022-11-14 16:05:16 ; 2022-11-14 16:07:01 ; 2022-11-14 16:08:17 ; 2022-11-14 16:08:22 ; 2022-11-14 16:08:26,,,,,2022-11-14 15:53:04,,,,,,,,,,,,2022-11-14 16:08:59,,,,,2022-11-14 16:14:17,,,,,,,,,,2022-11-14 16:08:55,,,,,,,2022-11-14 16:15:04,,,,,,,,,,,2022-11-14 16:09:02 ; 2022-11-14 16:10:32 ; 2022-11-14 16:10:34 ; 2022-11-14 16:10:36 ; 2022-11-14 16:10:50 ; 2022-11-14 16:10:52 ; 2022-11-14 16:11:20 ; 2022-11-14 16:11:23 ; 2022-11-14 16:11:26 ; 2022-11-14 16:11:52 ; 2022-11-14 16:12:28 ; 2022-11-14 16:14:03 ; 2022-11-14 16:14:05,2022-11-14 16:10:33 ; 2022-11-14 16:10:35 ; 2022-11-14 16:11:51 ; 2022-11-14 16:12:27 ; 2022-11-14 16:14:02,2022-11-14 15:52:10 ; 2022-11-14 15:52:32 ; 2022-11-14 15:52:48 ; 2022-11-14 16:14:10 ; 2022-11-14 16:14:14 ; 2022-11-14 16:14:42,,,,,,
,b2dbd624-fe53-418e-9604-6dc71eaadabb,2022-11-24T18:42:42Z,2022-11-24T18:55:01Z,edf762cd-6df2-4b1b-b805-11a660b66a67,6769-2-2-20-8-SCESS-LAB-10J,,,,2022-11-24 15:54:43,,2022-11-24 15:54:24,2022-11-24 15:45:56 ; 2022-11-24 15:47:24 ; 2022-11-24 15:49:59,,2022-11-24 15:45:52,,2022-11-24 15:49:32 ; 2022-11-24 15:49:58,,,2022-11-24 15:50:25,,,,,,,,,,,,,,,,,,,2022-11-24 15:43:19,,,,,,,,,,,,,,,,,2022-11-24 15:55:01,,,,,,,,,,,2022-11-24 15:50:27 ; 2022-11-24 15:51:55 ; 2022-11-24 15:51:58 ; 2022-11-24 15:52:00 ; 2022-11-24 15:52:02 ; 2022-11-24 15:52:03,2022-11-24 15:51:57 ; 2022-11-24 15:52:00,2022-11-24 15:42:42 ; 2022-11-24 15:43:06 ; 2022-11-24 15:43:16 ; 2022-11-24 15:43:47 ; 2022-11-24 15:44:37 ; 2022-11-24 15:45:45 ; 2022-11-24 15:50:24 ; 2022-11-24 15:54:24,,,,,,
,ea778141-4bf8-46ba-a30e-705e2e0b6c51,2022-11-11T15:04:49Z,2022-11-11T15:17:04Z,573c9224-1f50-4cf1-bf0f-3d6ced8dab43,1234-2-2-22-7-SCESS-LAB-02B,,,,2022-11-11 12:18:57,,2022-11-11 12:17:50,2022-11-11 12:10:32,,2022-11-11 12:10:22,,,,,2022-11-11 12:14:38,,,,,,,,,,,,,,,,,,,2022-11-11 12:09:18,,,,,,,,,,2022-11-11 12:14:30,,,,2022-11-11 12:18:02,,,2022-11-11 12:19:16,,,,,,,,,,,2022-11-11 12:14:40 ; 2022-11-11 12:14:42 ; 2022-11-11 12:14:54 ; 2022-11-11 12:14:57 ; 2022-11-11 12:16:01 ; 2022-11-11 12:16:04 ; 2022-11-11 12:16:06 ; 2022-11-11 12:16:08 ; 2022-11-11 12:16:10 ; 2022-11-11 12:16:25,2022-11-11 12:16:00,2022-11-11 12:07:01 ; 2022-11-11 12:07:35 ; 2022-11-11 12:07:48 ; 2022-11-11 12:08:26 ; 2022-11-11 12:09:13 ; 2022-11-11 12:10:05 ; 2022-11-11 12:10:08 ; 2022-11-11 12:14:31 ; 2022-11-11 12:17:51 ; 2022-11-11 12:18:51,,,,,,
,ece51e7a-42f4-4c15-b852-b09ab8188f65,2022-11-28T19:26:14Z,2022-11-28T19:37:43Z,edf762cd-6df2-4b1b-b805-11a660b66a67,6994-1-2-21-7-SCESS-LAB-10J,,,,2022-11-28 16:37:38,,,2022-11-28 16:27:03 ; 2022-11-28 16:27:47 ; 2022-11-28 16:27:54 ; 2022-11-28 16:28:03 ; 2022-11-28 16:28:13 ; 2022-11-28 16:28:26 ; 2022-11-28 16:28:37 ; 2022-11-28 16:29:01 ; 2022-11-28 16:29:34 ; 2022-11-28 16:29:54 ; 2022-11-28 16:30:24 ; 2022-11-28 16:30:49 ; 2022-11-28 16:32:07 ; 2022-11-28 16:32:18,,,,2022-11-28 16:27:45 ; 2022-11-28 16:27:52 ; 2022-11-28 16:28:01 ; 2022-11-28 16:28:08 ; 2022-11-28 16:28:16 ; 2022-11-28 16:28:32 ; 2022-11-28 16:28:55 ; 2022-11-28 16:29:23 ; 2022-11-28 16:29:52 ; 2022-11-28 16:30:12 ; 2022-11-28 16:30:16 ; 2022-11-28 16:30:25,,,,,2022-11-28 16:26:49,,,,,,,,,,,,2022-11-28 16:33:30,,,,,,,,,,,,,,,,,,,,,,2022-11-28 16:37:42,,,,,,,,,,,2022-11-28 16:33:32 ; 2022-11-28 16:34:22 ; 2022-11-28 16:36:55,2022-11-28 16:34:19 ; 2022-11-28 16:36:53,2022-11-28 16:26:13 ; 2022-11-28 16:37:26 ; 2022-11-28 16:37:36,,,,,,
,f30c6d5b-cbd1-48af-a69f-61b110c30f29,2022-12-22T16:10:55Z,2022-12-22T16:22:21Z,822a951f-2b84-410a-9630-9eaf10a030cf,4284-2-2-21-7-SCESS-LAB-07G,2022-12-22 13:22:01 ; 2022-12-22 13:22:04,,,2022-12-22 13:22:14,,2022-12-22 13:19:26,2022-12-22 13:11:15 ; 2022-12-22 13:19:30 ; 2022-12-22 13:19:31 ; 2022-12-22 13:19:34 ; 2022-12-22 13:19:35 ; 2022-12-22 13:19:36 ; 2022-12-22 13:19:37 ; 2022-12-22 13:20:08 ; 2022-12-22 13:20:13 ; 2022-12-22 13:20:14 ; 2022-12-22 13:20:16 ; 2022-12-22 13:20:17 ; 2022-12-22 13:20:33 ; 2022-12-22 13:20:34 ; 2022-12-22 13:20:35 ; 2022-12-22 13:21:25 ; 2022-12-22 13:21:27 ; 2022-12-22 13:21:29,,2022-12-22 13:11:10 ; 2022-12-22 13:19:28,,2022-12-22 13:19:33 ; 2022-12-22 13:20:06 ; 2022-12-22 13:20:15 ; 2022-12-22 13:21:33,,,2022-12-22 13:15:36,,,,,,,,,,,,,,,,,,,2022-12-22 13:21:37,,,,,,,,,,2022-12-22 13:15:20,,,,2022-12-22 13:21:58,2022-12-22 13:22:11,,2022-12-22 13:22:20,2022-12-22 13:22:08,,,,,,,,,,2022-12-22 13:15:41,,2022-12-22 13:10:54 ; 2022-12-22 13:11:00 ; 2022-12-22 13:11:06 ; 2022-12-22 13:15:21 ; 2022-12-22 13:15:29 ; 2022-12-22 13:19:27 ; 2022-12-22 13:21:35 ; 2022-12-22 13:21:51 ; 2022-12-22 13:22:12,,,,,,
,f96da47c-ad18-4339-88d7-8b4f555e54fa,2022-11-24T19:04:49Z,2022-11-24T19:12:07Z,c0a71532-7435-4a3c-a0b1-2fbe879b003c,9877-1-2-21-6-SCESS-LAB-13M,,,,2022-11-24 16:12:01,,2022-11-24 16:11:54,2022-11-24 16:05:50,,2022-11-24 16:05:47,,,,,2022-11-24 16:09:54,,,,,,,,,,,,,,,,,,,2022-11-24 16:05:00,,,,,,,,2022-11-24 16:05:32,,2022-11-24 16:09:51,,,,,,,2022-11-24 16:12:06,,,,,,,,,,,2022-11-24 16:09:56 ; 2022-11-24 16:09:59 ; 2022-11-24 16:11:37,,2022-11-24 16:04:48 ; 2022-11-24 16:04:58 ; 2022-11-24 16:05:32 ; 2022-11-24 16:05:46 ; 2022-11-24 16:09:52 ; 2022-11-24 16:11:55,,,,,,
,fb5dca9a-7b05-4c96-9c55-40c897b60a5d,2022-11-08T17:16:06Z,2022-11-08T17:18:00Z,c0a71532-7435-4a3c-a0b1-2fbe879b003c,4804-2-2-29-8-SCESS-LAB-13M,,,,2022-11-08 14:18:49,,2022-11-08 14:17:59,,,,,,,,2022-11-08 14:17:56,,,,2022-11-08 14:17:44,,,2022-11-08 14:17:37,,,,,,,,,,,,,,,,,,,,,,,,,,2022-11-08 14:18:02,2022-11-08 14:18:06,2022-11-08 14:17:33,2022-11-08 14:18:57,,,,,,,,,,,,,2022-11-08 14:17:03 ; 2022-11-08 14:17:38 ; 2022-11-08 14:17:50 ; 2022-11-08 14:17:55 ; 2022-11-08 14:18:00 ; 2022-11-08 14:18:07,,,,,,
