"Title","ID","Created date","Updated date","Owner","userid","volveratras_ps.p7","volverinicio_rv.p7","gf_rv.p7","gf_rpahorros.p7","ps_inicio.p7","volveratras_pg.p7","volveratras_cm.p7","modmixtas_inicio.p7","ps_rpahorros.p7","ctiempo_gf.p7","ctiempo_rpahorros.p7","cm_inicio.p7","rpahorros_inicio.p7","volverinicio_rpahorros.p7","volveratras_gf.p7","cm_rpahorros.p7","pg_rv.p7","volverinicio_contestar.p7","volverinicio_instrucciones.p7","rv_inicio.p7","ctiempo_inicio.p7","pg_inicio.p7","cm_instrucciones.p7","cm_rv.p7","volverinicio_modmixtas.p7","difmodmix_modmixtas.p7","volveratras_difmodmix.p7","cm_modmixtas.p7","cm_clickaqui.p7","volverinicio_clickaqui.p7","y_contestar.p7","n_contestar.p7","gf_clickaqui.p7","difmodmix_inicio.p7","ps_instrucciones.p7","ps_rv.p7","ps_contestar.p7","bleaesto_inicio.p7","inicio_wix.p7","bcontestaryniniciop7","cm_rpsalud.p7","ps_rpsalud.p7","rpsalud_inicio.p7","volverinicio_rpsalud.p7","ctiempo_rpsalud.p7","gf_rpsalud.p7","ps_modmixtas.p7","gf_masinfo.p7","gf_inicio.p7","bcontestaryn_masinfo.p7","cm_contestar.p7"
,"0f8dc4d9-935c-4884-ba16-27f27a47fb3b",2022-11-17T18:43:47Z,2022-11-17T19:06:26Z,"9e4072ba-0f68-4219-bf7e-f83ff95347d3","5882-2-7-21-4-SCESS-LAB-04D","2022-11-17 15:56:46 ; 2022-11-17 16:03:58",,,,,"2022-11-17 15:58:23","2022-11-17 15:50:16 ; 2022-11-17 15:50:46",,,"2022-11-17 16:01:16",,"2022-11-17 15:47:16 ; 2022-11-17 16:08:26",,,"2022-11-17 16:08:15",,,,,"2022-11-17 15:50:23","2022-11-17 15:58:34","2022-11-17 15:57:07",,"2022-11-17 15:50:43",,,,,,,"2022-11-17 16:09:25",,"2022-11-17 16:04:22",,,"2022-11-17 15:53:41",,"2022-11-17 16:04:09","2022-11-17 15:46:46 ; 2022-11-17 15:47:08 ; 2022-11-17 15:50:16 ; 2022-11-17 15:50:21 ; 2022-11-17 15:57:01 ; 2022-11-17 15:58:24 ; 2022-11-17 16:01:17 ; 2022-11-17 16:04:02 ; 2022-11-17 16:04:08 ; 2022-11-17 16:08:17 ; 2022-11-17 16:08:22 ; 2022-11-17 16:08:25 ; 2022-11-17 16:09:01","2022-11-17 16:09:04",,"2022-11-17 16:03:55","2022-11-17 16:01:19 ; 2022-11-17 16:01:21",,,,,,,,
,"5555d502-e67d-4c40-b6a6-9ffc21be7b06",2022-11-17T19:45:36Z,2022-11-17T20:14:58Z,"8423fa35-1965-4ebc-8d69-50aedf9e1dc3","4433-2-7-24-1-SCESS-LAB-03C","2022-11-17 16:54:16",,,,"2022-11-17 17:00:57 ; 2022-11-17 17:15:38","2022-11-17 16:58:50","2022-11-17 16:49:44 ; 2022-11-17 16:49:53 ; 2022-11-17 16:50:02","2022-11-17 17:05:29",,"2022-11-17 17:00:50",,"2022-11-17 16:47:11 ; 2022-11-17 16:49:49 ; 2022-11-17 16:49:57","2022-11-17 16:50:39 ; 2022-11-17 16:54:29",,"2022-11-17 17:11:29",,,,,"2022-11-17 16:50:50","2022-11-17 16:58:54","2022-11-17 16:57:03",,,,,,,,"2022-11-17 16:50:31","2022-11-17 17:15:53",,,"2022-11-17 17:11:31",,"2022-11-17 16:54:12",,"2022-11-17 16:50:07","2022-11-17 16:46:31 ; 2022-11-17 16:46:36 ; 2022-11-17 16:47:02 ; 2022-11-17 16:49:45 ; 2022-11-17 16:49:53 ; 2022-11-17 16:50:02 ; 2022-11-17 16:50:32 ; 2022-11-17 16:50:48 ; 2022-11-17 16:54:20 ; 2022-11-17 16:54:23 ; 2022-11-17 16:54:27 ; 2022-11-17 16:57:00 ; 2022-11-17 16:58:51 ; 2022-11-17 17:00:51 ; 2022-11-17 17:00:53 ; 2022-11-17 17:03:13 ; 2022-11-17 17:05:24 ; 2022-11-17 17:08:53 ; 2022-11-17 17:11:29 ; 2022-11-17 17:15:14 ; 2022-11-17 17:15:17 ; 2022-11-17 17:15:35 ; 2022-11-17 17:15:36 ; 2022-11-17 17:15:44","2022-11-17 17:15:20 ; 2022-11-17 17:15:46",,,"2022-11-17 17:03:16",,,,,,"2022-11-17 17:08:58",,
,"6591d2f4-63e2-40af-b3fa-07749ac140df",2022-11-30T19:14:10Z,2022-11-30T19:23:49Z,"9e4072ba-0f68-4219-bf7e-f83ff95347d3","6033-2-7-19-3-SCESS-LAB-04D",,"2022-11-30 16:20:02",,,,,"2022-11-30 16:18:47",,,,,"2022-11-30 16:18:20",,,,,,"2022-11-30 16:19:32","2022-11-30 16:17:51","2022-11-30 16:19:45",,,,,,,,,,"2022-11-30 16:27:10","2022-11-30 16:19:24",,,,,,,"2022-11-30 16:17:52 ; 2022-11-30 16:27:08","2022-11-30 16:17:35 ; 2022-11-30 16:18:18 ; 2022-11-30 16:18:47 ; 2022-11-30 16:19:33 ; 2022-11-30 16:19:43 ; 2022-11-30 16:21:30 ; 2022-11-30 16:26:31 ; 2022-11-30 16:27:11","2022-11-30 16:18:56 ; 2022-11-30 16:27:14",,,,,,,,,,,
,"6ee47599-64b7-477e-9741-9a3e9a58ddee",2022-11-29T16:27:01Z,2022-11-29T16:31:28Z,"6f591eb7-38cb-4cac-bb3a-8e6d90adbaca","9789-2-7-22-2-SCESS-LAB-11K","2022-11-29 13:29:34",,,,"2022-11-29 13:29:30",,"2022-11-29 13:29:51 ; 2022-11-29 13:32:27",,,"2022-11-29 13:31:22",,"2022-11-29 13:29:38 ; 2022-11-29 13:31:24",,,,,,,,,"2022-11-29 13:30:42",,,,,,,,,"2022-11-29 13:29:26","2022-11-29 13:32:55",,,,,,,"2022-11-29 13:28:53","2022-11-29 13:28:29 ; 2022-11-29 13:28:51 ; 2022-11-29 13:29:27 ; 2022-11-29 13:29:35 ; 2022-11-29 13:29:52 ; 2022-11-29 13:30:00 ; 2022-11-29 13:31:22 ; 2022-11-29 13:32:28","2022-11-29 13:32:30",,,,,,,,,,,
,"7dfcf4ea-25d1-4a55-bad9-b030a3f2f0ab",2022-11-15T17:51:19Z,2022-11-15T18:03:18Z,"ba678453-89f6-490d-b5c8-3de0316be1fc","6345-2-7-21-1-SCESS-LAB-07G","2022-11-15 15:04:18",,,,"2022-11-15 14:55:50",,"2022-11-15 14:55:46",,,,,"2022-11-15 14:53:58",,,,,,,,,,,,,,,,,,"2022-11-15 14:53:04","2022-11-15 14:58:05",,,,,,"2022-11-15 15:01:32","2022-11-15 14:52:36","2022-11-15 14:52:24 ; 2022-11-15 14:53:05 ; 2022-11-15 14:53:19 ; 2022-11-15 14:53:53 ; 2022-11-15 14:55:47 ; 2022-11-15 14:57:23","2022-11-15 14:57:26",,,,,,,,,,,"2022-11-15 15:04:23"
,"80ba6940-7b35-4f5f-b900-a4a580f90dd6",2022-12-14T16:45:44Z,2022-12-14T16:54:01Z,"b214f0a8-a526-4f49-92b7-b70d2347feab","4996-2-7-25-4-SCESS-LAB-01A","2022-12-14 15:23:01 ; 2022-12-14 15:23:32",,,,,,,,,,,"2022-12-14 15:19:07","2022-12-14 15:24:24",,"2022-12-14 15:25:26",,,,,,,,,,,,,,,,"2022-12-14 15:25:58",,,,,,,"2022-12-14 15:18:16","2022-12-14 15:17:40 ; 2022-12-14 15:18:15 ; 2022-12-14 15:18:41 ; 2022-12-14 15:18:56 ; 2022-12-14 15:20:24 ; 2022-12-14 15:23:51 ; 2022-12-14 15:24:45 ; 2022-12-14 15:25:27","2022-12-14 15:25:34","2022-12-14 15:23:44","2022-12-14 15:22:07","2022-12-14 15:20:26",,,,,,"2022-12-14 15:25:05",,
,"819f22f2-586f-4192-87ea-d1e017a890df",2022-11-11T15:08:37Z,2022-11-11T15:27:35Z,"63de36d8-4e7d-479a-928c-ad1650e7f259","5559-2-7-20-1-SCESS-LAB-08H",,,,,,,,,,,,,,,,,,,,,,,,,,,,,"2022-11-11 12:10:55",,"2022-11-11 12:28:27",,,,,,,,"2022-11-11 12:09:29",,,,,,,,,"2022-11-11 12:18:03",,"2022-11-11 12:28:10",
,"8d6d1106-b426-4f1e-8060-7fc8a0effd24",2022-11-30T19:37:19Z,2022-11-30T20:11:14Z,"b214f0a8-a526-4f49-92b7-b70d2347feab","9862-2-7-23-4-SCESS-LAB-01A",,,,,"2022-11-30 18:36:48",,,,,,,"2022-11-30 18:10:52 ; 2022-11-30 18:40:35","2022-11-30 18:20:20",,"2022-11-30 18:36:44",,,,,"2022-11-30 18:16:12","2022-11-30 18:23:59",,,,,,"2022-11-30 18:36:32",,,,"2022-11-30 18:42:51",,,"2022-11-30 18:32:07",,,,"2022-11-30 18:09:35","2022-11-30 18:08:57 ; 2022-11-30 18:09:22 ; 2022-11-30 18:10:31 ; 2022-11-30 18:10:39 ; 2022-11-30 18:15:56 ; 2022-11-30 18:16:11 ; 2022-11-30 18:20:14 ; 2022-11-30 18:23:42 ; 2022-11-30 18:27:19 ; 2022-11-30 18:27:22 ; 2022-11-30 18:31:57 ; 2022-11-30 18:36:33 ; 2022-11-30 18:36:45 ; 2022-11-30 18:39:53 ; 2022-11-30 18:40:34 ; 2022-11-30 18:42:47","2022-11-30 18:39:59 ; 2022-11-30 18:42:49",,,,,,,,,"2022-11-30 18:27:23 ; 2022-11-30 18:36:37",,
,"9c25ac56-9bb6-47d9-8e7e-fd875c9ac1a8",2022-11-17T18:44:28Z,2022-11-17T19:10:15Z,"63de36d8-4e7d-479a-928c-ad1650e7f259","2374-2-7-21-4-SCESS-LAB-08H","2022-11-17 15:50:35 ; 2022-11-17 15:52:46",,,,"2022-11-17 15:48:46",,,,,,,"2022-11-17 15:46:09",,,,,,,,,,,,,,,,,,,"2022-11-17 15:53:31",,,,,,,"2022-11-17 15:50:46 ; 2022-11-17 15:52:55","2022-11-17 15:44:27 ; 2022-11-17 15:46:02 ; 2022-11-17 15:48:41 ; 2022-11-17 15:50:36 ; 2022-11-17 15:50:38 ; 2022-11-17 15:50:59 ; 2022-11-17 15:51:02 ; 2022-11-17 15:51:14 ; 2022-11-17 15:52:52 ; 2022-11-17 15:52:58 ; 2022-11-17 16:10:09 ; 2022-11-17 16:10:14","2022-11-17 15:53:00",,"2022-11-17 15:52:41","2022-11-17 15:51:16",,,,,,,,
,"9db13dad-6da7-47a8-820a-8d94627fca91",2022-11-24T19:45:18Z,2022-11-24T19:49:53Z,"b214f0a8-a526-4f49-92b7-b70d2347feab","5061-2-7-20-2-SCESS-LAB-01A","2022-11-24 18:20:53",,,,,,"2022-11-24 18:21:21",,,,,"2022-11-24 18:17:25",,,,,,,,,"2022-11-24 18:18:46",,,,,,,,,"2022-11-24 18:17:15","2022-11-24 18:21:23",,,,,,"2022-11-24 18:19:51","2022-11-24 18:16:52","2022-11-24 18:16:48 ; 2022-11-24 18:17:16 ; 2022-11-24 18:17:22 ; 2022-11-24 18:18:27","2022-11-24 18:19:23",,,,,,,,,,,"2022-11-24 18:20:55"
,"a2ddce75-c8e7-4e62-8bfa-be2a15453d31",2022-11-29T14:51:13Z,2022-11-29T15:02:19Z,"b3b8c681-d5cd-45f9-80b4-daeaf47aabc5","2259-2-7-20-3-SCESS-LAB-02B","2022-11-29 11:59:59",,,,"2022-11-29 11:58:49",,"2022-11-29 11:58:14",,"2022-11-29 12:03:59",,,"2022-11-29 11:55:09","2022-11-29 12:02:27",,,,,,"2022-11-29 11:54:13",,,,"2022-11-29 11:58:38",,,,,,,"2022-11-29 11:55:00","2022-11-29 12:04:44",,,,,,,"2022-11-29 11:54:27","2022-11-29 11:53:38 ; 2022-11-29 11:54:14 ; 2022-11-29 11:54:25 ; 2022-11-29 11:55:01 ; 2022-11-29 11:58:15 ; 2022-11-29 11:58:45 ; 2022-11-29 12:00:00 ; 2022-11-29 12:00:30 ; 2022-11-29 12:02:23 ; 2022-11-29 12:04:05 ; 2022-11-29 12:04:08 ; 2022-11-29 12:04:15","2022-11-29 12:01:03 ; 2022-11-29 12:04:27",,,,,,,,,,,
,"a450fc51-de25-4df7-a6c9-08c0ed591c70",2022-11-11T15:11:08Z,2022-11-11T15:20:14Z,"6f591eb7-38cb-4cac-bb3a-8e6d90adbaca","7583-1-7-21-4-SCESS-LAB-11K",,,,,"2022-11-11 12:17:57",,,,,,,"2022-11-11 12:12:36",,,,,,,,,,,,,,,,,,,"2022-11-11 12:21:26",,,,,,,"2022-11-11 12:16:37","2022-11-11 12:12:20 ; 2022-11-11 12:12:27 ; 2022-11-11 12:15:21 ; 2022-11-11 12:16:36 ; 2022-11-11 12:17:17 ; 2022-11-11 12:17:24 ; 2022-11-11 12:17:52 ; 2022-11-11 12:20:48","2022-11-11 12:20:53",,,,,,,,,,,
,"ac853388-9517-4dd0-9bd1-b1d1dfa2b0ce",2022-11-24T18:54:05Z,2022-11-24T18:56:34Z,"b214f0a8-a526-4f49-92b7-b70d2347feab","5933-1-7-21-1-SCESS-LAB-01A",,,,,"2022-11-24 17:27:24",,,,,,,,,,,,,,,,,,"2022-11-24 17:26:10",,,,,,,"2022-11-24 17:27:48","2022-11-24 17:28:03",,,,,,,,"2022-11-24 17:25:34 ; 2022-11-24 17:25:37 ; 2022-11-24 17:27:10 ; 2022-11-24 17:27:18 ; 2022-11-24 17:27:23 ; 2022-11-24 17:27:49","2022-11-24 17:27:55",,,,,,,,,,,
,"b2258ccd-08df-44f1-a03a-8f9316cce43d",2022-11-22T19:11:19Z,2022-11-22T19:20:28Z,"9e4072ba-0f68-4219-bf7e-f83ff95347d3","1354-2-7-20-4-SCESS-LAB-04D",,,,,,,"2022-11-22 16:16:55",,,,,"2022-11-22 16:16:03",,,,,,,,"2022-11-22 16:23:57",,,,,,,,,,"2022-11-22 16:15:43","2022-11-22 16:17:28",,,,,,,"2022-11-22 16:14:49","2022-11-22 16:14:47 ; 2022-11-22 16:15:44 ; 2022-11-22 16:15:46 ; 2022-11-22 16:16:56 ; 2022-11-22 16:17:03 ; 2022-11-22 16:23:55","2022-11-22 16:17:05",,,,,,,,,,,"2022-11-22 16:18:57"
,"be3d2a1b-7f78-4d9d-ba5a-7cedc8614ecf",2022-11-22T19:11:01Z,2022-11-22T19:39:14Z,"ba678453-89f6-490d-b5c8-3de0316be1fc","4798-1-7-23-3-SCESS-LAB-07G",,,,,"2022-11-22 16:15:20",,"2022-11-22 16:15:16","2022-11-22 16:28:29","2022-11-22 16:39:19",,,"2022-11-22 16:12:18 ; 2022-11-22 16:38:50","2022-11-22 16:25:58 ; 2022-11-22 16:39:07","2022-11-22 16:28:24","2022-11-22 16:34:37",,,,,"2022-11-22 16:18:14 ; 2022-11-22 16:38:09","2022-11-22 16:34:41","2022-11-22 16:32:08 ; 2022-11-22 16:38:39",,,,,,,,,"2022-11-22 16:35:53",,,"2022-11-22 16:32:49",,"2022-11-22 16:22:15",,,"2022-11-22 16:11:07 ; 2022-11-22 16:11:54 ; 2022-11-22 16:12:16 ; 2022-11-22 16:15:16 ; 2022-11-22 16:18:10 ; 2022-11-22 16:22:21 ; 2022-11-22 16:22:24 ; 2022-11-22 16:22:26 ; 2022-11-22 16:25:50 ; 2022-11-22 16:28:25 ; 2022-11-22 16:32:04 ; 2022-11-22 16:32:43 ; 2022-11-22 16:33:04 ; 2022-11-22 16:34:38 ; 2022-11-22 16:35:10 ; 2022-11-22 16:37:55 ; 2022-11-22 16:38:08 ; 2022-11-22 16:38:16 ; 2022-11-22 16:38:37 ; 2022-11-22 16:38:47 ; 2022-11-22 16:39:05","2022-11-22 16:35:11",,,"2022-11-22 16:22:29 ; 2022-11-22 16:37:56 ; 2022-11-22 16:38:19",,,,,,,,
,"c029b29f-e2dc-4cb5-9abb-1f7764ccba0e",2022-11-15T19:18:14Z,2022-11-15T19:32:48Z,"9e4072ba-0f68-4219-bf7e-f83ff95347d3","6552-1-7-22-2-SCESS-LAB-04D",,,,,,,"2022-11-15 16:24:25",,,,,"2022-11-15 16:21:32",,,,,,,,,,,,,,,,,,,"2022-11-15 16:24:54",,,,,,,,"2022-11-15 16:21:15 ; 2022-11-15 16:21:22 ; 2022-11-15 16:24:26 ; 2022-11-15 16:35:47 ; 2022-11-15 16:35:49","2022-11-15 16:24:31",,,,,,,,,,,
,"c241f4ba-25fb-4363-a6b4-95a8ebc62dd9",2022-11-15T19:21:46Z,2022-11-15T19:40:41Z,"6f591eb7-38cb-4cac-bb3a-8e6d90adbaca","2682-2-7-21-4-SCESS-LAB-11K","2022-11-15 16:36:21",,,,"2022-11-15 16:32:08","2022-11-15 16:41:27","2022-11-15 16:32:06","2022-11-15 16:38:42",,,,"2022-11-15 16:28:35","2022-11-15 16:37:50","2022-11-15 16:38:39",,,,,"2022-11-15 16:24:04","2022-11-15 16:35:24","2022-11-15 16:41:31","2022-11-15 16:39:55",,,"2022-11-15 16:39:51",,,,,"2022-11-15 16:28:29","2022-11-15 16:41:54",,,,,"2022-11-15 16:36:17",,"2022-11-15 16:27:36","2022-11-15 16:23:00 ; 2022-11-15 16:24:04 ; 2022-11-15 16:24:11 ; 2022-11-15 16:26:27 ; 2022-11-15 16:26:52 ; 2022-11-15 16:27:21 ; 2022-11-15 16:28:29 ; 2022-11-15 16:32:07 ; 2022-11-15 16:34:30 ; 2022-11-15 16:35:22 ; 2022-11-15 16:36:26 ; 2022-11-15 16:37:45 ; 2022-11-15 16:38:39 ; 2022-11-15 16:39:52 ; 2022-11-15 16:41:28 ; 2022-11-15 16:41:45","2022-11-15 16:41:48",,,"2022-11-15 16:36:29","2022-11-15 16:37:44",,,,,"2022-11-15 16:34:35",,
,"c96e9d9b-10cf-44df-b30d-5461049a9dbf",2022-12-14T15:17:15Z,2022-12-14T15:27:29Z,"b214f0a8-a526-4f49-92b7-b70d2347feab","377-1-7-25-2-SCESS-LAB-01A","2022-12-14 13:56:16",,"2022-12-14 13:56:56",,"2022-12-14 13:56:12",,"2022-12-14 13:52:18",,,,,"2022-12-14 13:56:07",,,"2022-12-14 13:58:40",,,,,"2022-12-14 13:56:18",,,"2022-12-14 13:49:46",,,,,,,,"2022-12-14 13:59:26",,,,"2022-12-14 13:52:20",,,"2022-12-14 13:55:26","2022-12-14 13:49:11 ; 2022-12-14 13:55:19 ; 2022-12-14 13:55:23 ; 2022-12-14 13:55:53 ; 2022-12-14 13:56:03 ; 2022-12-14 13:56:11 ; 2022-12-14 13:56:16 ; 2022-12-14 13:58:44 ; 2022-12-14 13:58:50 ; 2022-12-14 13:58:57","2022-12-14 13:58:58",,,,,,,,,,,
,"cd8217ed-e5b0-4ee1-8ed3-111f6f9e8e33",2022-11-16T19:47:46Z,2022-11-16T20:01:46Z,"b3b8c681-d5cd-45f9-80b4-daeaf47aabc5","9633-1-7-24-3-SCESS-LAB-02B","2022-11-16 16:53:41",,,,"2022-11-16 16:51:07","2022-11-16 16:57:53",,,,,,"2022-11-16 16:53:49",,,"2022-11-16 17:01:21",,,,,,"2022-11-16 17:01:29","2022-11-16 16:56:31",,,,,,,,"2022-11-16 17:01:23","2022-11-16 17:03:55",,"2022-11-16 16:58:52",,,,,,"2022-11-16 16:49:55 ; 2022-11-16 16:50:50 ; 2022-11-16 16:51:05 ; 2022-11-16 16:53:42 ; 2022-11-16 16:56:20 ; 2022-11-16 16:57:54 ; 2022-11-16 16:57:56 ; 2022-11-16 17:01:24 ; 2022-11-16 17:02:57","2022-11-16 17:03:00",,,,,,,,,,,
,"d0eaf23e-c1b2-4420-a4d8-412760970d9e",2022-12-01T19:14:57Z,2022-12-01T19:17:56Z,"0f16f462-ace8-473e-ac7f-a7f74e81fe59","5379-1-7-22-1-SCESS-LAB-06F","2022-12-01 16:18:42",,,,"2022-12-01 16:18:25",,"2022-12-01 16:18:21",,,,,"2022-12-01 16:17:15",,,,,,,,,,,,,,,,,,,"2022-12-01 16:19:36",,,,,,,,"2022-12-01 16:16:36 ; 2022-12-01 16:17:06 ; 2022-12-01 16:17:11 ; 2022-12-01 16:18:21 ; 2022-12-01 16:18:43","2022-12-01 16:18:52",,,,,,,,,,,
,"d4564a2c-22c2-47c7-8dd6-65ec166b9937",2022-11-24T19:34:57Z,2022-11-24T19:49:21Z,"9e4072ba-0f68-4219-bf7e-f83ff95347d3","9623-1-7-21-1-SCESS-LAB-04D","2022-11-24 16:50:40",,,,"2022-11-24 16:48:29",,,,,,,"2022-11-24 16:39:25 ; 2022-11-24 16:42:38",,,,,,,"2022-11-24 16:52:20","2022-11-24 16:42:55 ; 2022-11-24 16:47:50","2022-11-24 16:51:00","2022-11-24 16:46:03",,,,,"2022-11-24 16:52:01",,,"2022-11-24 16:42:32","2022-11-24 16:52:49",,,"2022-11-24 16:51:18",,,,"2022-11-24 16:42:02","2022-11-24 16:38:25 ; 2022-11-24 16:38:47 ; 2022-11-24 16:39:22 ; 2022-11-24 16:41:59 ; 2022-11-24 16:42:33 ; 2022-11-24 16:42:51 ; 2022-11-24 16:45:14 ; 2022-11-24 16:45:26 ; 2022-11-24 16:47:16 ; 2022-11-24 16:47:26 ; 2022-11-24 16:47:29 ; 2022-11-24 16:47:47 ; 2022-11-24 16:48:00 ; 2022-11-24 16:48:28 ; 2022-11-24 16:50:41 ; 2022-11-24 16:50:54 ; 2022-11-24 16:51:16 ; 2022-11-24 16:52:02 ; 2022-11-24 16:52:05 ; 2022-11-24 16:52:21","2022-11-24 16:52:22",,,"2022-11-24 16:47:34 ; 2022-11-24 16:50:45 ; 2022-11-24 16:50:46",,,,,,,,
,"f6c51bb0-def6-4c80-a4c9-901e02d30bc5",2022-11-15T17:49:33Z,2022-11-15T17:55:37Z,"c652c8ff-d61f-409e-b1f2-ffcb80259c42","5525-1-7-19-3-SCESS-LAB-10J",,,,,,,,,,,,,,,"2022-11-15 14:54:30",,,,,,,,,,,,,,,"2022-11-15 14:51:27","2022-11-15 14:55:36","2022-11-15 14:55:19",,,,,,"2022-11-15 14:50:14","2022-11-15 14:49:32 ; 2022-11-15 14:49:49 ; 2022-11-15 14:50:13 ; 2022-11-15 14:51:27 ; 2022-11-15 14:51:56 ; 2022-11-15 14:54:31","2022-11-15 14:54:46",,,,,,,,,"2022-11-15 14:52:04",,
