"Title","ID","Created date","Updated date","Owner","userid","gf_clickaqui.p5","ps_masinfo.p5","ps_inicio.p5","cm_clickaqui.p5","cm_masinfo.p5","videoplay_cm.p5","volveratras_pg.p5","volveratras_difmodmix.p5","gf_masinfo.p5","difmodmix_inicio.p5","bleaesto_masinfo.p5","rpahorros_inicio.p5","ps_instrucciones.p5","volverinicio_instrucciones.p5","volveratras_ps.p5","cm_inicio.p5","volverinicio_clickaqui.p5","volveratras_gf.p5","pg_masinfo.p5","gf_inicio.p5","volveratras_ctiempo.p5","volveratras_cm.p5","modmixtas_inicio.p5","videopausa_ps.p5","difmodmix_masinfo.p5","rpsalud_inicio.p5","pg_inicio.p5","ctiempo_inicio.p5","videopausa_cm.p5","cm_instrucciones.p5","ctiempo_masinfo.p5","bcontestaryn_masinfo.p5","pg_rv.p5","inicio_wix.p5","videoplay_ps.p5","rv_inicio.p5","y_contestar.p5","bleaesto_inicio.p5","bcontestaryn_inicio.p5","volverinicio_rv.p5","gf_rv.p5","cmvideoplay_rv.p5","cmvideopausa_rv.p5","psvideoplay_rv.p5","volverinicio_masinfo.p5","psvideopausa_rv.p5","ps_contestar.p5","cm_contestar.p5","n_contestar.p5","bpasos2","bpasos3","bpasos4","bpasos5"
,"03257b55-ea01-43cd-acca-576c40059910",2022-12-14T16:46:16Z,2022-12-14T16:54:11Z,"86ffd92e-6513-4bfb-8453-968ba7996aa3","2056-1-5-32-3-SCESS-LAB-04D",,,"2022-12-14 13:55:27 ; 2022-12-14 13:56:13",,,"2022-12-14 13:50:53 ; 2022-12-14 13:51:20 ; 2022-12-14 13:51:24 ; 2022-12-14 13:51:26 ; 2022-12-14 13:51:27 ; 2022-12-14 13:51:29 ; 2022-12-14 13:51:31 ; 2022-12-14 13:51:34 ; 2022-12-14 13:53:14 ; 2022-12-14 13:53:16 ; 2022-12-14 13:53:22 ; 2022-12-14 13:53:23 ; 2022-12-14 13:53:26 ; 2022-12-14 13:53:27 ; 2022-12-14 13:53:28 ; 2022-12-14 13:53:30 ; 2022-12-14 13:53:32 ; 2022-12-14 13:53:33 ; 2022-12-14 13:53:34 ; 2022-12-14 13:53:35 ; 2022-12-14 13:54:22 ; 2022-12-14 13:54:23 ; 2022-12-14 13:54:26 ; 2022-12-14 13:54:28 ; 2022-12-14 13:54:29 ; 2022-12-14 13:55:11 ; 2022-12-14 13:55:13",,,,,,,,,"2022-12-14 13:56:11 ; 2022-12-14 13:57:12","2022-12-14 13:50:48","2022-12-14 13:50:00",,,,,"2022-12-14 13:55:14",,"2022-12-14 13:55:32 ; 2022-12-14 13:55:39 ; 2022-12-14 13:55:42 ; 2022-12-14 13:55:55 ; 2022-12-14 13:55:58 ; 2022-12-14 13:56:54 ; 2022-12-14 13:56:54 ; 2022-12-14 13:56:56 ; 2022-12-14 13:57:03 ; 2022-12-14 13:57:04",,,,,"2022-12-14 13:51:30 ; 2022-12-14 13:54:25 ; 2022-12-14 13:55:12",,,,,"2022-12-14 13:50:01 ; 2022-12-14 13:50:46 ; 2022-12-14 13:55:15 ; 2022-12-14 13:55:18 ; 2022-12-14 13:55:25 ; 2022-12-14 13:56:12 ; 2022-12-14 13:57:13 ; 2022-12-14 13:57:18","2022-12-14 13:55:30 ; 2022-12-14 13:55:33 ; 2022-12-14 13:55:35 ; 2022-12-14 13:55:36 ; 2022-12-14 13:55:38 ; 2022-12-14 13:55:40 ; 2022-12-14 13:55:41 ; 2022-12-14 13:55:45 ; 2022-12-14 13:55:49 ; 2022-12-14 13:55:50 ; 2022-12-14 13:55:56 ; 2022-12-14 13:55:57 ; 2022-12-14 13:55:59 ; 2022-12-14 13:56:00 ; 2022-12-14 13:56:05 ; 2022-12-14 13:56:06 ; 2022-12-14 13:56:07 ; 2022-12-14 13:56:08 ; 2022-12-14 13:56:10 ; 2022-12-14 13:56:15 ; 2022-12-14 13:56:16 ; 2022-12-14 13:56:53 ; 2022-12-14 13:56:55 ; 2022-12-14 13:56:57 ; 2022-12-14 13:56:58 ; 2022-12-14 13:57:00 ; 2022-12-14 13:57:01 ; 2022-12-14 13:57:02 ; 2022-12-14 13:57:05 ; 2022-12-14 13:57:06 ; 2022-12-14 13:57:09 ; 2022-12-14 13:57:11",,"2022-12-14 13:57:29","2022-12-14 13:49:33","2022-12-14 13:57:21",,,,,,,,,,,,,,
,"07d76e07-2866-4a07-8136-7c77c58a4760",2022-11-15T17:54:30Z,2022-11-15T18:05:19Z,"2323c203-7b7c-4ec8-9e75-bc7099e1fe0a","8515-1-5-21-1-SCESS-LAB-02B",,,,,,,,"2022-11-15 15:05:40",,"2022-11-15 15:05:16",,"2022-11-15 15:05:54",,"2022-11-15 14:56:56",,,,,,,,,"2022-11-15 15:02:19",,,,,,,,,,,"2022-11-15 14:56:39 ; 2022-11-15 14:56:57 ; 2022-11-15 14:57:46 ; 2022-11-15 14:57:57 ; 2022-11-15 14:58:26 ; 2022-11-15 15:02:13 ; 2022-11-15 15:05:07 ; 2022-11-15 15:05:41 ; 2022-11-15 15:06:34 ; 2022-11-15 15:06:38 ; 2022-11-15 15:06:53",,"2022-11-15 14:58:28 ; 2022-11-15 15:06:47","2022-11-15 15:07:29","2022-11-15 14:57:04","2022-11-15 15:06:55","2022-11-15 15:02:12 ; 2022-11-15 15:06:53",,,,,,,,,,,"2022-11-15 15:06:33",,
,"1d8adb1d-60d4-4ceb-b6b2-2cb1583cf7ca",2022-11-29T16:04:29Z,2022-11-29T16:26:05Z,"1439d53c-dd3a-4072-b84f-7bd66a70f4fb","9197-2-5-20-4-SCESS-LAB-07G",,,"2022-11-29 13:13:40",,,"2022-11-29 13:06:11 ; 2022-11-29 13:08:12 ; 2022-11-29 13:09:52 ; 2022-11-29 13:09:55 ; 2022-11-29 13:11:22 ; 2022-11-29 13:11:24","2022-11-29 13:25:50",,,,,"2022-11-29 13:23:56",,,"2022-11-29 13:18:53","2022-11-29 13:05:58","2022-11-29 13:05:42","2022-11-29 13:23:51",,"2022-11-29 13:22:51",,"2022-11-29 13:13:38",,"2022-11-29 13:15:33 ; 2022-11-29 13:18:51",,,"2022-11-29 13:25:28",,"2022-11-29 13:08:11 ; 2022-11-29 13:13:36",,,,,"2022-11-29 13:04:44 ; 2022-11-29 13:05:43 ; 2022-11-29 13:05:53 ; 2022-11-29 13:13:39 ; 2022-11-29 13:18:54 ; 2022-11-29 13:19:10 ; 2022-11-29 13:19:40 ; 2022-11-29 13:19:47 ; 2022-11-29 13:22:45 ; 2022-11-29 13:23:52 ; 2022-11-29 13:25:25 ; 2022-11-29 13:25:51","2022-11-29 13:13:43 ; 2022-11-29 13:15:38 ; 2022-11-29 13:18:43 ; 2022-11-29 13:18:48 ; 2022-11-29 13:18:49 ; 2022-11-29 13:18:49","2022-11-29 13:19:14 ; 2022-11-29 13:19:49","2022-11-29 13:26:21","2022-11-29 13:04:50","2022-11-29 13:25:53","2022-11-29 13:19:39 ; 2022-11-29 13:22:44",,"2022-11-29 13:19:25","2022-11-29 13:19:27","2022-11-29 13:19:35",,"2022-11-29 13:19:37",,,,,,,
,"2404cab1-5fcb-48fa-b0ea-42f33f0e3216",2022-11-08T17:23:17Z,2022-11-08T17:24:20Z,"86ffd92e-6513-4bfb-8453-968ba7996aa3","1518-2-5-24-3-SCESS-LAB-04D",,,,,,,,,,,,,,,,,,,,,,,,,,,,,,,,,,"2022-11-08 14:26:21 ; 2022-11-08 14:27:19",,,,"2022-11-08 14:27:14","2022-11-08 14:27:20",,,,,,,,,,"2022-11-08 14:27:24",,,,
,"2492b8a5-578b-497c-8796-ad0faa59fadc",2022-11-29T16:27:39Z,2022-11-29T16:57:40Z,"4587885d-7b7f-4bbc-a885-8989ed70a3dc","8299-2-5-19-3-",,,,,,"2022-11-29 14:01:42 ; 2022-11-29 14:02:55 ; 2022-11-29 14:08:54 ; 2022-11-29 14:09:29 ; 2022-11-29 14:09:58 ; 2022-11-29 14:09:59 ; 2022-11-29 14:20:25",,,,,,,,"2022-11-29 14:01:06","2022-11-29 14:30:03","2022-11-29 14:01:30","2022-11-29 14:15:21",,,,,"2022-11-29 14:10:13 ; 2022-11-29 14:20:30",,"2022-11-29 14:21:12 ; 2022-11-29 14:21:57",,,,,"2022-11-29 14:01:56 ; 2022-11-29 14:01:58 ; 2022-11-29 14:08:49 ; 2022-11-29 14:09:02 ; 2022-11-29 14:09:54 ; 2022-11-29 14:09:55 ; 2022-11-29 14:09:56 ; 2022-11-29 14:10:10 ; 2022-11-29 14:20:27 ; 2022-11-29 14:20:29",,,,,"2022-11-29 14:00:04 ; 2022-11-29 14:01:07 ; 2022-11-29 14:01:26 ; 2022-11-29 14:01:28 ; 2022-11-29 14:10:14 ; 2022-11-29 14:15:08 ; 2022-11-29 14:15:11 ; 2022-11-29 14:15:22 ; 2022-11-29 14:15:37 ; 2022-11-29 14:30:05","2022-11-29 14:20:37 ; 2022-11-29 14:20:39 ; 2022-11-29 14:20:45 ; 2022-11-29 14:20:47 ; 2022-11-29 14:20:50 ; 2022-11-29 14:20:53 ; 2022-11-29 14:21:16 ; 2022-11-29 14:21:25 ; 2022-11-29 14:21:27 ; 2022-11-29 14:21:34 ; 2022-11-29 14:21:37 ; 2022-11-29 14:21:41","2022-11-29 14:10:21","2022-11-29 14:16:02","2022-11-29 14:15:15","2022-11-29 14:15:46","2022-11-29 14:15:07",,"2022-11-29 14:10:26","2022-11-29 14:10:45","2022-11-29 14:10:42 ; 2022-11-29 14:11:24 ; 2022-11-29 14:12:14 ; 2022-11-29 14:13:37 ; 2022-11-29 14:14:03 ; 2022-11-29 14:14:16 ; 2022-11-29 14:14:27 ; 2022-11-29 14:14:28 ; 2022-11-29 14:14:29 ; 2022-11-29 14:14:32",,"2022-11-29 14:11:44","2022-11-29 14:20:34","2022-11-29 14:20:20",,,,,"2022-11-29 14:30:05"
,"28502ef9-7d74-417b-83d5-438132e503f6",2022-11-14T18:47:08Z,2022-11-14T18:59:46Z,"0451f72d-7ae4-4d96-a588-4c23fdfee9a6","3394-2-5-21-2-SCESS-LAB-06F",,,"2022-11-14 15:56:02",,,"2022-11-14 15:48:57 ; 2022-11-14 15:51:43 ; 2022-11-14 15:51:44 ; 2022-11-14 15:52:36 ; 2022-11-14 15:52:37 ; 2022-11-14 15:52:38 ; 2022-11-14 15:55:01 ; 2022-11-14 15:55:51 ; 2022-11-14 15:55:53",,,,,,,,"2022-11-14 16:00:55","2022-11-14 16:00:16","2022-11-14 15:48:51","2022-11-14 16:00:37",,,,,"2022-11-14 15:55:59",,,,,,,"2022-11-14 15:51:41 ; 2022-11-14 15:51:42 ; 2022-11-14 15:55:52",,,,,"2022-11-14 15:48:38 ; 2022-11-14 15:56:00 ; 2022-11-14 16:00:17 ; 2022-11-14 16:00:38 ; 2022-11-14 16:00:55","2022-11-14 15:56:04 ; 2022-11-14 15:58:40 ; 2022-11-14 15:58:41 ; 2022-11-14 15:58:44 ; 2022-11-14 15:58:47 ; 2022-11-14 15:58:48 ; 2022-11-14 15:58:49 ; 2022-11-14 16:00:11 ; 2022-11-14 16:00:12 ; 2022-11-14 16:00:13 ; 2022-11-14 16:00:15",,"2022-11-14 16:01:16","2022-11-14 16:00:22","2022-11-14 16:00:59",,,,,,,,,,,,,,
,"2ecfc5f5-4416-4f0a-a170-b41303ef15bf",2022-11-21T19:45:01Z,2022-11-21T19:58:15Z,"0451f72d-7ae4-4d96-a588-4c23fdfee9a6","1002-2-5-23-2-SCESS-LAB-06F",,"2022-11-21 16:55:24","2022-11-21 16:47:46",,,"2022-11-21 16:48:08 ; 2022-11-21 16:54:36",,,,,,,,,"2022-11-21 16:59:38","2022-11-21 16:47:35 ; 2022-11-21 16:48:05",,,,,,"2022-11-21 16:55:11",,,,,,,,,,"2022-11-21 16:59:40",,"2022-11-21 16:46:40 ; 2022-11-21 16:47:23 ; 2022-11-21 16:47:28 ; 2022-11-21 16:47:44 ; 2022-11-21 16:47:52 ; 2022-11-21 16:48:04 ; 2022-11-21 16:55:12 ; 2022-11-21 16:55:15","2022-11-21 16:55:26 ; 2022-11-21 16:57:34",,"2022-11-21 16:59:54","2022-11-21 16:46:49",,,,,,,,,,,,,,,
,"3ff51142-def0-4952-a84d-b60b54bc4165",2022-11-15T19:24:55Z,2022-11-15T19:27:05Z,"0fcb30f5-cc4d-4ff4-88a9-b125fbea286e","9771-1-5-22-3-SCESS-LAB-15O",,,,,,,,,,,,,,,,,,,,,,,,,,,,,,,,,,"2022-11-15 16:26:42 ; 2022-11-15 16:27:24 ; 2022-11-15 16:27:31 ; 2022-11-15 16:27:37",,,"2022-11-15 16:28:52",,"2022-11-15 16:28:25",,,,,,,,,,,,,,
,"4737a499-7321-4f41-a189-a53974bb530b",2022-11-24T18:44:47Z,2022-11-24T19:02:18Z,"86ffd92e-6513-4bfb-8453-968ba7996aa3","7702-1-5-21-2-SCESS-LAB-04D",,,"2022-11-24 15:57:04",,,"2022-11-24 15:50:17",,,,,,,,"2022-11-24 15:50:04","2022-11-24 16:02:08","2022-11-24 15:50:13",,,,,,"2022-11-24 15:57:00",,,,,,,"2022-11-24 15:56:58",,,,,"2022-11-24 15:48:15 ; 2022-11-24 15:50:05 ; 2022-11-24 15:57:01 ; 2022-11-24 16:02:08 ; 2022-11-24 16:02:21 ; 2022-11-24 16:03:19 ; 2022-11-24 16:05:01","2022-11-24 15:57:08","2022-11-24 16:03:21","2022-11-24 16:05:46","2022-11-24 16:02:37","2022-11-24 16:05:11","2022-11-24 16:05:00",,,,,,,,,,,,,
,"4c56bdd2-328e-42ed-9633-86041069d40f",2022-11-16T18:47:27Z,2022-11-16T19:02:04Z,"0fcb30f5-cc4d-4ff4-88a9-b125fbea286e","8293-2-5-22-2-SCESS-LAB-15O",,,"2022-11-16 15:58:48",,,"2022-11-16 15:51:09",,,,,,,,,"2022-11-16 16:03:47","2022-11-16 15:50:41 ; 2022-11-16 15:51:07",,,,,,,,,,,,,"2022-11-16 15:57:50",,,,,"2022-11-16 15:49:13 ; 2022-11-16 15:49:22 ; 2022-11-16 15:49:40 ; 2022-11-16 15:50:25 ; 2022-11-16 15:50:37 ; 2022-11-16 15:50:47 ; 2022-11-16 15:51:00 ; 2022-11-16 15:57:57 ; 2022-11-16 15:58:00 ; 2022-11-16 15:58:46 ; 2022-11-16 16:03:48","2022-11-16 15:58:52",,"2022-11-16 16:03:50","2022-11-16 15:49:46","2022-11-16 15:58:05 ; 2022-11-16 16:03:49",,,,,,,,,,,,,,
,"50ea38d0-0d3f-4e1b-a3ce-9a3958cf319c",2022-12-14T16:46:15Z,2022-12-14T16:46:15Z,"86ffd92e-6513-4bfb-8453-968ba7996aa3","2056-1-5-32-3-SCESS-LAB-04D",,,,,,,,,,,,,,,,,,,,,,,,,,,,,,,,,,"2022-12-14 13:49:33",,,,,,,,,,,,,,,,,,,
,"70c069c1-b4d8-4439-b819-e77a942c7e48",2022-11-30T19:31:39Z,2022-11-30T19:50:41Z,"b8725e74-768f-4330-b205-5f8a6064f10a","8210-2-5-18-2-SCESS-LAB-05E","2022-11-30 18:15:48",,"2022-11-30 18:10:12","2022-11-30 18:17:13",,"2022-11-30 18:09:51 ; 2022-11-30 18:09:53 ; 2022-11-30 18:17:16 ; 2022-11-30 18:17:19 ; 2022-11-30 18:17:30 ; 2022-11-30 18:17:31 ; 2022-11-30 18:17:32",,,,,,,,,"2022-11-30 18:14:59","2022-11-30 18:09:49",,"2022-11-30 18:17:11",,,,"2022-11-30 18:10:11 ; 2022-11-30 18:17:39","2022-11-30 18:00:10",,,,,,,,,,,"2022-11-30 17:59:05 ; 2022-11-30 17:59:46 ; 2022-11-30 18:09:29 ; 2022-11-30 18:09:42 ; 2022-11-30 18:15:00 ; 2022-11-30 18:15:03 ; 2022-11-30 18:15:09 ; 2022-11-30 18:17:44","2022-11-30 18:10:15",,"2022-11-30 18:18:08","2022-11-30 18:15:11","2022-11-30 18:17:47",,,,,,,,,,,,,,
,"73103c20-627f-4a56-8210-b6d0d0593e55",2022-11-24T18:39:08Z,2022-11-24T18:41:38Z,"a8cfe300-b3ae-42ce-ba5a-cd9fb76d0761","5005-2-5-20-2-SCESS-LAB-08H",,,,,,,,,,,,,,,,,,,,,,,"2022-11-24 15:40:54",,,,,,,,,,,"2022-11-24 15:39:09 ; 2022-11-24 15:39:46 ; 2022-11-24 15:41:15",,,"2022-11-24 15:41:39","2022-11-24 15:39:15","2022-11-24 15:41:22",,,,,,,,,,,,,,
,"7e9b8f01-1432-4f2f-bec4-e4367845d419",2022-11-11T15:21:04Z,2022-11-11T15:36:37Z,"0451f72d-7ae4-4d96-a588-4c23fdfee9a6","1147-1-5-23-3-SCESS-LAB-06F",,,"2022-11-11 12:31:15",,,"2022-11-11 12:24:52",,,,,,"2022-11-11 12:36:25",,"2022-11-11 12:37:29 ; 2022-11-11 12:37:37","2022-11-11 12:36:17","2022-11-11 12:24:31","2022-11-11 12:23:42",,,,,,,"2022-11-11 12:34:57 ; 2022-11-11 12:36:16",,,,,,,,,,"2022-11-11 12:22:36 ; 2022-11-11 12:22:52 ; 2022-11-11 12:23:43 ; 2022-11-11 12:24:30 ; 2022-11-11 12:31:11 ; 2022-11-11 12:36:18 ; 2022-11-11 12:37:12 ; 2022-11-11 12:37:30 ; 2022-11-11 12:37:31 ; 2022-11-11 12:37:38","2022-11-11 12:31:18 ; 2022-11-11 12:34:47 ; 2022-11-11 12:34:49 ; 2022-11-11 12:34:52 ; 2022-11-11 12:34:53 ; 2022-11-11 12:34:54 ; 2022-11-11 12:34:55 ; 2022-11-11 12:34:58 ; 2022-11-11 12:34:59 ; 2022-11-11 12:35:00 ; 2022-11-11 12:35:18 ; 2022-11-11 12:35:23 ; 2022-11-11 12:35:23 ; 2022-11-11 12:35:28 ; 2022-11-11 12:35:32",,"2022-11-11 12:38:09","2022-11-11 12:22:58","2022-11-11 12:37:41",,,,,,,,,,,,"2022-11-11 12:37:11",,
,"8ca47b2f-b625-459e-83ec-95d9b9ce40a8",2022-11-16T19:31:56Z,2022-11-16T20:02:46Z,"bb985df4-f158-4a55-aa96-df8890814dd8","973-2-5-23-1-SCESS-LAB-01A",,,"2022-11-16 18:12:30 ; 2022-11-16 18:23:17",,,"2022-11-16 18:05:22 ; 2022-11-16 18:07:51","2022-11-16 18:21:08",,,"2022-11-16 18:23:39",,,,"2022-11-16 18:03:58","2022-11-16 18:16:31 ; 2022-11-16 18:23:19","2022-11-16 18:05:19 ; 2022-11-16 18:23:13","2022-11-16 18:05:10",,,"2022-11-16 18:30:34","2022-11-16 18:19:37","2022-11-16 18:11:47",,"2022-11-16 18:12:45 ; 2022-11-16 18:15:20",,"2022-11-16 18:21:14","2022-11-16 18:19:41","2022-11-16 18:18:31","2022-11-16 18:07:40",,,,,"2022-11-16 18:03:13 ; 2022-11-16 18:03:58 ; 2022-11-16 18:04:06 ; 2022-11-16 18:05:11 ; 2022-11-16 18:11:47 ; 2022-11-16 18:12:11 ; 2022-11-16 18:16:32 ; 2022-11-16 18:19:38 ; 2022-11-16 18:21:08 ; 2022-11-16 18:21:09 ; 2022-11-16 18:22:43 ; 2022-11-16 18:23:04 ; 2022-11-16 18:23:07 ; 2022-11-16 18:23:16 ; 2022-11-16 18:23:20 ; 2022-11-16 18:30:06 ; 2022-11-16 18:33:21 ; 2022-11-16 18:33:26 ; 2022-11-16 18:33:29 ; 2022-11-16 18:33:39 ; 2022-11-16 18:33:49","2022-11-16 18:12:34 ; 2022-11-16 18:12:44 ; 2022-11-16 18:12:49 ; 2022-11-16 18:13:01 ; 2022-11-16 18:13:02 ; 2022-11-16 18:13:03 ; 2022-11-16 18:13:04 ; 2022-11-16 18:13:06 ; 2022-11-16 18:13:06 ; 2022-11-16 18:13:09 ; 2022-11-16 18:13:11 ; 2022-11-16 18:13:14 ; 2022-11-16 18:13:16 ; 2022-11-16 18:13:19 ; 2022-11-16 18:13:30 ; 2022-11-16 18:13:33 ; 2022-11-16 18:13:44 ; 2022-11-16 18:13:45 ; 2022-11-16 18:15:22 ; 2022-11-16 18:15:28 ; 2022-11-16 18:15:29",,"2022-11-16 18:34:03","2022-11-16 18:04:11 ; 2022-11-16 18:33:30","2022-11-16 18:22:45 ; 2022-11-16 18:33:50",,,,,,,,,,,,,,
,"ae12985c-5cfe-4f1c-a2e2-7a8800ac1611",2022-11-15T19:14:39Z,2022-11-15T19:29:19Z,"83def268-3a64-4828-944b-5c3d8f65495d","8369-2-5-20-2-SCESS-LAB-09I",,,"2022-11-15 16:17:48",,,"2022-11-15 16:23:19 ; 2022-11-15 16:27:55 ; 2022-11-15 16:27:56 ; 2022-11-15 16:27:58",,,,,,,,,,"2022-11-15 16:23:16 ; 2022-11-15 16:27:52",,,,,,"2022-11-15 16:27:43",,"2022-11-15 16:19:40",,,,,,,,,,"2022-11-15 16:15:29 ; 2022-11-15 16:15:36 ; 2022-11-15 16:16:11 ; 2022-11-15 16:16:30 ; 2022-11-15 16:16:38 ; 2022-11-15 16:16:52 ; 2022-11-15 16:17:33 ; 2022-11-15 16:17:44 ; 2022-11-15 16:23:11 ; 2022-11-15 16:23:15 ; 2022-11-15 16:27:44 ; 2022-11-15 16:27:51 ; 2022-11-15 16:29:56","2022-11-15 16:17:53 ; 2022-11-15 16:20:03",,"2022-11-15 16:30:09","2022-11-15 16:15:41 ; 2022-11-15 16:16:12 ; 2022-11-15 16:16:53","2022-11-15 16:30:02",,,,,,,,,,,,,,
,"b73a84c2-a41b-4641-9128-4b2de1beae70",2022-11-17T20:02:38Z,2022-11-17T20:19:11Z,"2cb27e5d-e1c3-4934-9b64-4484757da869","7909-1-5-20-2-SCESS-LAB-11K",,,,,,"2022-11-17 17:08:36 ; 2022-11-17 17:08:48",,,,,,,,,"2022-11-17 17:20:23",,,,,,,"2022-11-17 17:15:20",,,,,,,"2022-11-17 17:08:47 ; 2022-11-17 17:15:19",,,,,"2022-11-17 17:03:52 ; 2022-11-17 17:04:18 ; 2022-11-17 17:05:17 ; 2022-11-17 17:05:31 ; 2022-11-17 17:05:59","2022-11-17 17:15:25",,"2022-11-17 17:20:25","2022-11-17 17:04:22","2022-11-17 17:08:05",,,,,,,,"2022-11-17 17:15:23","2022-11-17 17:08:29",,,,,
,"b7aa47d0-9f7e-4cb6-b68d-4a898c8ef1e5",2022-11-17T18:48:24Z,2022-11-17T19:02:00Z,"0fcb30f5-cc4d-4ff4-88a9-b125fbea286e","8409-2-5-22-1-SCESS-LAB-15O",,,"2022-11-17 15:58:38",,,"2022-11-17 15:51:58",,,,,,,,,,"2022-11-17 15:51:56",,,,,,,,,,,,,,,,,,"2022-11-17 15:50:10 ; 2022-11-17 15:50:39 ; 2022-11-17 15:51:43 ; 2022-11-17 15:58:36 ; 2022-11-17 16:03:37","2022-11-17 15:58:40",,"2022-11-17 16:03:46","2022-11-17 15:50:42","2022-11-17 16:03:41",,,,,,,,,,,,,,
,"d084708c-e95f-4a0d-b7f2-186ad6f930f1",2022-11-30T19:33:20Z,2022-11-30T19:43:21Z,"cbae9782-c19d-4ec3-9c5f-6f73faecc436","4013-2-5-22-2-SCESS-LAB-014N",,,,,,"2022-11-30 16:34:46 ; 2022-11-30 16:34:57",,,,,,"2022-11-30 16:41:44",,"2022-11-30 16:33:46",,"2022-11-30 16:34:42","2022-11-30 16:34:35",,,,,,,,,,,,,,,,,"2022-11-30 16:33:22 ; 2022-11-30 16:33:47 ; 2022-11-30 16:34:35 ; 2022-11-30 16:41:30 ; 2022-11-30 16:41:38 ; 2022-11-30 16:42:03 ; 2022-11-30 16:42:06 ; 2022-11-30 16:43:23",,,"2022-11-30 16:42:56","2022-11-30 16:33:53","2022-11-30 16:42:34",,,,,,,,,,,,,,
,"d152f006-9a73-4f8c-a965-10415c779921",2022-11-30T19:06:36Z,2022-11-30T19:22:14Z,"51841ef4-0b51-42e9-9815-b729a5d668a1","6329-1-5-21-2-SCESS-LAB-03C",,,"2022-11-30 16:18:28",,,"2022-11-30 16:11:42 ; 2022-11-30 16:18:11",,,,,,"2022-11-30 16:23:03",,,,"2022-11-30 16:11:39",,,,,,"2022-11-30 16:18:26",,,,,,,,,,,,"2022-11-30 16:07:40 ; 2022-11-30 16:08:08 ; 2022-11-30 16:09:29 ; 2022-11-30 16:10:10 ; 2022-11-30 16:11:28 ; 2022-11-30 16:11:37 ; 2022-11-30 16:18:27 ; 2022-11-30 16:23:00 ; 2022-11-30 16:23:10","2022-11-30 16:18:31 ; 2022-11-30 16:21:16 ; 2022-11-30 16:21:18 ; 2022-11-30 16:21:18 ; 2022-11-30 16:22:55 ; 2022-11-30 16:22:56","2022-11-30 16:11:30","2022-11-30 16:23:18",,"2022-11-30 16:10:42 ; 2022-11-30 16:23:11",,,,,,,,,,,,"2022-11-30 16:23:09",,
,"da3f5002-f95c-409e-a7cb-88e6e98ab80d",2022-11-24T19:45:04Z,2022-11-24T20:01:16Z,"a8cfe300-b3ae-42ce-ba5a-cd9fb76d0761","7016-2-5-23-4-SCESS-LAB-08H",,,"2022-11-24 16:53:17",,,"2022-11-24 16:46:18",,,,,,,,,"2022-11-24 16:58:41","2022-11-24 16:46:14","2022-11-24 16:45:57",,,,,"2022-11-24 16:53:02",,"2022-11-24 16:58:06",,,,,"2022-11-24 16:52:59",,,,,"2022-11-24 16:45:05 ; 2022-11-24 16:45:58 ; 2022-11-24 16:46:12 ; 2022-11-24 16:53:03 ; 2022-11-24 16:53:16 ; 2022-11-24 16:58:43 ; 2022-11-24 17:01:17","2022-11-24 16:53:21 ; 2022-11-24 16:58:30",,"2022-11-24 16:58:49","2022-11-24 16:45:23","2022-11-24 16:58:44",,,,,,,,,,,,,,
,"e12a5729-c8ca-416e-ae55-0a975b733132",2022-12-01T19:56:28Z,2022-12-01T20:11:47Z,"0451f72d-7ae4-4d96-a588-4c23fdfee9a6","6919-2-5-20-3-SCESS-LAB-06F",,,,,,"2022-12-01 16:59:29 ; 2022-12-01 17:05:52 ; 2022-12-01 17:05:53",,,,,,,"2022-12-01 17:07:33","2022-12-01 16:59:04","2022-12-01 17:12:55","2022-12-01 16:59:22","2022-12-01 17:06:56",,,,,"2022-12-01 17:06:15",,"2022-12-01 17:12:30 ; 2022-12-01 17:12:31",,,,,,,,,,"2022-12-01 16:58:07 ; 2022-12-01 16:59:05 ; 2022-12-01 16:59:14 ; 2022-12-01 17:06:16 ; 2022-12-01 17:06:57 ; 2022-12-01 17:07:09 ; 2022-12-01 17:07:23 ; 2022-12-01 17:13:04","2022-12-01 17:07:36 ; 2022-12-01 17:12:27 ; 2022-12-01 17:12:43",,"2022-12-01 17:13:26","2022-12-01 17:06:24","2022-12-01 17:13:06",,,,,,,,,,,,,,
,"fadf4456-8b6a-41b5-a8ad-2e6873d6a15a",2022-11-16T19:52:08Z,2022-11-16T20:07:45Z,"2cb27e5d-e1c3-4934-9b64-4484757da869","2473-1-5-21-4-SCESS-LAB-11K",,,,,,"2022-11-16 16:54:42",,,,,,,,,,"2022-11-16 16:54:37","2022-11-16 17:08:23",,,,,,"2022-11-16 17:01:31",,,,,,,,,,,"2022-11-16 16:53:22 ; 2022-11-16 16:54:15 ; 2022-11-16 16:54:25 ; 2022-11-16 17:01:20 ; 2022-11-16 17:07:50 ; 2022-11-16 17:08:24",,,"2022-11-16 17:08:59","2022-11-16 17:07:53","2022-11-16 17:08:29",,,,,,,,,,,,,,
,"fb3c5ce2-4699-45f7-b70d-02331c4481e6",2022-11-24T19:44:54Z,2022-11-24T19:56:00Z,"0451f72d-7ae4-4d96-a588-4c23fdfee9a6","1718-1-5-20-2-SCESS-LAB-06F",,,"2022-11-24 16:54:15",,,"2022-11-24 16:46:52",,,,,,,,,,"2022-11-24 16:46:49",,,,,,"2022-11-24 16:53:25",,"2022-11-24 16:54:18",,,,,,,,,,"2022-11-24 16:46:38 ; 2022-11-24 16:46:47 ; 2022-11-24 16:53:26 ; 2022-11-24 16:53:37 ; 2022-11-24 16:54:11 ; 2022-11-24 16:54:51","2022-11-24 16:54:17",,,"2022-11-24 16:53:43","2022-11-24 16:57:06",,,,,,,,,,"2022-11-24 16:57:44",,,,
